time_s,state,reason,lane_center_x,lane_error_normalized,lane_confidence,obstacle_present,obstacle_color,obstacle_motion,obstacle_confidence,left_speed,right_speed
0.032,FOLLOW_LANE,camera lane following,159.000,-0.006250,0.750000,0,,NONE,0.000000,4.534371,4.665629
0.064,FOLLOW_LANE,camera lane following,154.500,-0.034375,0.750000,0,,NONE,0.000000,4.254661,4.945339
0.096,FOLLOW_LANE,camera lane following,159.500,-0.003125,0.750000,0,,NONE,0.000000,4.685911,4.514088
0.128,FOLLOW_LANE,camera lane following,158.500,-0.009375,0.750000,0,,NONE,0.000000,4.501530,4.698469
0.160,FOLLOW_LANE,camera lane following,151.000,-0.056250,0.750000,0,,NONE,0.000000,4.032744,5.167255
0.192,FOLLOW_LANE,camera lane following,157.000,-0.018750,0.750000,0,,NONE,0.000000,4.543670,4.656330
0.224,FOLLOW_LANE,camera lane following,159.000,-0.006250,0.750000,0,,NONE,0.000000,4.581166,4.618834
0.256,FOLLOW_LANE,camera lane following,159.000,-0.006250,0.750000,0,,NONE,0.000000,4.549912,4.650088
0.288,FOLLOW_LANE,camera lane following,159.000,-0.006250,0.750000,0,,NONE,0.000000,4.549908,4.650092
0.320,FOLLOW_LANE,camera lane following,159.000,-0.006250,0.750000,0,,NONE,0.000000,4.549904,4.650096
0.352,FOLLOW_LANE,camera lane following,159.000,-0.006250,0.750000,0,,NONE,0.000000,4.549900,4.650100
0.384,FOLLOW_LANE,camera lane following,160.000,0.000000,0.750000,0,,NONE,0.000000,4.615525,4.584475
0.416,FOLLOW_LANE,camera lane following,159.500,-0.003125,0.750000,0,,NONE,0.000000,4.599900,4.600100
0.448,FOLLOW_LANE,camera lane following,159.000,-0.006250,0.750000,0,,NONE,0.000000,4.534271,4.665729
0.480,FOLLOW_LANE,camera lane following,159.500,-0.003125,0.750000,0,,NONE,0.000000,4.615521,4.584479
0.512,FOLLOW_LANE,camera lane following,159.000,-0.006250,0.750000,0,,NONE,0.000000,4.534267,4.665733
0.544,FOLLOW_LANE,camera lane following,159.000,-0.006250,0.750000,0,,NONE,0.000000,4.549888,4.650112
0.576,FOLLOW_LANE,camera lane following,159.000,-0.006250,0.750000,0,,NONE,0.000000,4.549884,4.650116
0.608,FOLLOW_LANE,camera lane following,159.500,-0.003125,0.750000,0,,NONE,0.000000,4.615509,4.584491
0.640,FOLLOW_LANE,camera lane following,159.500,-0.003125,0.750000,0,,NONE,0.000000,4.599884,4.600116
0.672,FOLLOW_LANE,camera lane following,159.500,-0.003125,0.750000,0,,NONE,0.000000,4.599884,4.600116
0.704,FOLLOW_LANE,camera lane following,159.500,-0.003125,0.750000,0,,NONE,0.000000,4.599884,4.600116
0.736,FOLLOW_LANE,camera lane following,159.000,-0.006250,0.750000,0,,NONE,0.000000,4.534255,4.665745
0.768,FOLLOW_LANE,camera lane following,159.500,-0.003125,0.750000,0,,NONE,0.000000,4.615505,4.584495
0.800,FOLLOW_LANE,camera lane following,160.000,0.000000,0.750000,0,,NONE,0.000000,4.599880,4.600120
0.832,FOLLOW_LANE,camera lane following,159.750,-0.001563,0.750000,0,,NONE,0.000000,4.599880,4.600120
0.864,FOLLOW_LANE,camera lane following,159.500,-0.003125,0.750000,0,,NONE,0.000000,4.599880,4.600120
0.896,FOLLOW_LANE,camera lane following,159.750,-0.001563,0.750000,0,,NONE,0.000000,4.599880,4.600120
0.928,FOLLOW_LANE,camera lane following,159.500,-0.003125,0.750000,0,,NONE,0.000000,4.599880,4.600120
0.960,FOLLOW_LANE,camera lane following,159.500,-0.003125,0.750000,0,,NONE,0.000000,4.599880,4.600120
0.992,FOLLOW_LANE,camera lane following,159.500,-0.003125,0.750000,0,,NONE,0.000000,4.599880,4.600120
1.024,FOLLOW_LANE,camera lane following,160.000,0.000000,0.750000,0,,NONE,0.000000,4.599880,4.600120
1.056,FOLLOW_LANE,camera lane following,160.000,0.000000,0.750000,0,,NONE,0.000000,4.599880,4.600120
1.088,FOLLOW_LANE,camera lane following,160.000,0.000000,0.750000,0,,NONE,0.000000,4.599880,4.600120
1.120,FOLLOW_LANE,camera lane following,160.000,0.000000,0.750000,0,,NONE,0.000000,4.599880,4.600120
1.152,FOLLOW_LANE,camera lane following,159.500,-0.003125,0.750000,0,,NONE,0.000000,4.599880,4.600120
1.184,FOLLOW_LANE,camera lane following,159.500,-0.003125,0.750000,0,,NONE,0.000000,4.599880,4.600120
1.216,FOLLOW_LANE,camera lane following,159.500,-0.003125,0.750000,0,,NONE,0.000000,4.599880,4.600120
1.248,FOLLOW_LANE,camera lane following,159.500,-0.003125,0.750000,0,,NONE,0.000000,4.599880,4.600120
1.280,FOLLOW_LANE,camera lane following,159.500,-0.003125,0.750000,0,,NONE,0.000000,4.599880,4.600120
1.312,FOLLOW_LANE,camera lane following,159.500,-0.003125,0.750000,0,,NONE,0.000000,4.599880,4.600120
1.344,FOLLOW_LANE,camera lane following,159.500,-0.003125,0.750000,0,,NONE,0.000000,4.599880,4.600120
1.376,FOLLOW_LANE,camera lane following,159.500,-0.003125,0.750000,0,,NONE,0.000000,4.599880,4.600120
1.408,FOLLOW_LANE,camera lane following,159.500,-0.003125,0.750000,0,,NONE,0.000000,4.599880,4.600120
1.440,FOLLOW_LANE,camera lane following,159.500,-0.003125,0.750000,0,,NONE,0.000000,4.599880,4.600120
1.472,FOLLOW_LANE,camera lane following,159.500,-0.003125,0.750000,0,,NONE,0.000000,4.599880,4.600120
1.504,FOLLOW_LANE,camera lane following,159.500,-0.003125,0.750000,0,,NONE,0.000000,4.599880,4.600120
1.536,FOLLOW_LANE,camera lane following,159.500,-0.003125,0.750000,0,,NONE,0.000000,4.599880,4.600120
1.568,FOLLOW_LANE,camera lane following,160.000,0.000000,0.750000,0,,NONE,0.000000,4.599880,4.600120
1.600,FOLLOW_LANE,camera lane following,160.000,0.000000,0.750000,0,,NONE,0.000000,4.599880,4.600120
1.632,FOLLOW_LANE,camera lane following,160.000,0.000000,0.750000,0,,NONE,0.000000,4.599880,4.600120
1.664,FOLLOW_LANE,camera lane following,160.000,0.000000,0.750000,0,,NONE,0.000000,4.599880,4.600120
1.696,FOLLOW_LANE,camera lane following,160.000,0.000000,0.750000,0,,NONE,0.000000,4.599880,4.600120
1.728,FOLLOW_LANE,camera lane following,159.500,-0.003125,0.750000,0,,NONE,0.000000,4.599880,4.600120
1.760,FOLLOW_LANE,camera lane following,159.500,-0.003125,0.750000,0,,NONE,0.000000,4.599880,4.600120
1.792,FOLLOW_LANE,camera lane following,159.500,-0.003125,0.750000,0,,NONE,0.000000,4.599880,4.600120
1.824,FOLLOW_LANE,camera lane following,159.750,-0.001563,0.750000,0,,NONE,0.000000,4.599880,4.600120
1.856,FOLLOW_LANE,camera lane following,160.000,0.000000,0.750000,0,,NONE,0.000000,4.599880,4.600120
1.888,FOLLOW_LANE,camera lane following,160.000,0.000000,0.750000,0,,NONE,0.000000,4.599880,4.600120
1.920,FOLLOW_LANE,camera lane following,160.000,0.000000,0.750000,0,,NONE,0.000000,4.599880,4.600120
1.952,FOLLOW_LANE,camera lane following,160.500,0.003125,0.750000,0,,NONE,0.000000,4.599880,4.600120
1.984,FOLLOW_LANE,camera lane following,159.500,-0.003125,0.750000,0,,NONE,0.000000,4.599880,4.600120
2.016,FOLLOW_LANE,camera lane following,159.500,-0.003125,0.750000,0,,NONE,0.000000,4.599880,4.600120
2.048,FOLLOW_LANE,camera lane following,159.500,-0.003125,0.750000,0,,NONE,0.000000,4.599880,4.600120
2.080,FOLLOW_LANE,camera lane following,159.500,-0.003125,0.750000,0,,NONE,0.000000,4.599880,4.600120
2.112,FOLLOW_LANE,camera lane following,159.500,-0.003125,0.750000,0,,NONE,0.000000,4.599880,4.600120
2.144,FOLLOW_LANE,camera lane following,159.500,-0.003125,0.750000,0,,NONE,0.000000,4.599880,4.600120
2.176,FOLLOW_LANE,camera lane following,159.500,-0.003125,0.750000,0,,NONE,0.000000,4.599880,4.600120
2.208,FOLLOW_LANE,camera lane following,159.500,-0.003125,0.750000,0,,NONE,0.000000,4.599880,4.600120
2.240,FOLLOW_LANE,camera lane following,159.500,-0.003125,0.750000,0,,NONE,0.000000,4.599880,4.600120
2.272,FOLLOW_LANE,camera lane following,160.000,0.000000,0.750000,0,,NONE,0.000000,4.599880,4.600120
2.304,FOLLOW_LANE,camera lane following,159.500,-0.003125,0.750000,0,,NONE,0.000000,4.599880,4.600120
2.336,FOLLOW_LANE,camera lane following,160.000,0.000000,0.750000,0,,NONE,0.000000,4.599880,4.600120
2.368,FOLLOW_LANE,camera lane following,159.500,-0.003125,0.750000,0,,NONE,0.000000,4.599880,4.600120
2.400,FOLLOW_LANE,camera lane following,160.500,0.003125,0.750000,0,,NONE,0.000000,4.599880,4.600120
2.432,FOLLOW_LANE,camera lane following,160.000,0.000000,0.750000,0,,NONE,0.000000,4.599880,4.600120
2.464,FOLLOW_LANE,camera lane following,160.000,0.000000,0.750000,0,,NONE,0.000000,4.599880,4.600120
2.496,FOLLOW_LANE,camera lane following,159.500,-0.003125,0.750000,0,,NONE,0.000000,4.599880,4.600120
2.528,FOLLOW_LANE,camera lane following,160.000,0.000000,0.750000,0,,NONE,0.000000,4.599880,4.600120
2.560,FOLLOW_LANE,camera lane following,160.000,0.000000,0.750000,0,,NONE,0.000000,4.599880,4.600120
2.592,FOLLOW_LANE,camera lane following,160.000,0.000000,0.750000,0,,NONE,0.000000,4.599880,4.600120
2.624,FOLLOW_LANE,camera lane following,159.750,-0.001563,0.750000,0,,NONE,0.000000,4.599880,4.600120
2.656,FOLLOW_LANE,camera lane following,159.500,-0.003125,0.750000,0,,NONE,0.000000,4.599880,4.600120
2.688,FOLLOW_LANE,camera lane following,159.750,-0.001563,0.750000,0,,NONE,0.000000,4.599880,4.600120
2.720,FOLLOW_LANE,camera lane following,160.000,0.000000,0.750000,0,,NONE,0.000000,4.599880,4.600120
2.752,FOLLOW_LANE,camera lane following,160.500,0.003125,0.750000,0,,NONE,0.000000,4.599880,4.600120
2.784,FOLLOW_LANE,camera lane following,160.000,0.000000,0.750000,0,,NONE,0.000000,4.599880,4.600120
2.816,FOLLOW_LANE,camera lane following,159.500,-0.003125,0.750000,0,,NONE,0.000000,4.599880,4.600120
2.848,FOLLOW_LANE,camera lane following,159.500,-0.003125,0.750000,0,,NONE,0.000000,4.599880,4.600120
2.880,FOLLOW_LANE,camera lane following,160.000,0.000000,0.750000,0,,NONE,0.000000,4.599880,4.600120
2.912,FOLLOW_LANE,camera lane following,160.500,0.003125,0.750000,0,,NONE,0.000000,4.599880,4.600120
2.944,FOLLOW_LANE,camera lane following,160.500,0.003125,0.750000,0,,NONE,0.000000,4.599880,4.600120
2.976,FOLLOW_LANE,camera lane following,160.500,0.003125,0.750000,0,,NONE,0.000000,4.599880,4.600120
3.008,FOLLOW_LANE,camera lane following,161.000,0.006250,0.750000,0,,NONE,0.000000,4.665509,4.534491
3.040,FOLLOW_LANE,camera lane following,161.000,0.006250,0.750000,0,,NONE,0.000000,4.649888,4.550112
3.072,FOLLOW_LANE,camera lane following,161.000,0.006250,0.750000,0,,NONE,0.000000,4.649892,4.550108
3.104,FOLLOW_LANE,camera lane following,161.000,0.006250,0.750000,0,,NONE,0.000000,4.649896,4.550104
3.136,FOLLOW_LANE,camera lane following,161.500,0.009375,0.750000,0,,NONE,0.000000,4.682714,4.517285
3.168,FOLLOW_LANE,camera lane following,161.000,0.006250,0.750000,0,,NONE,0.000000,4.642093,4.557906
3.200,FOLLOW_LANE,camera lane following,161.000,0.006250,0.750000,0,,NONE,0.000000,4.649910,4.550090
3.232,FOLLOW_LANE,camera lane following,161.250,0.007812,0.750000,0,,NONE,0.000000,4.666321,4.533679
3.264,FOLLOW_LANE,camera lane following,161.000,0.006250,0.750000,0,,NONE,0.000000,4.646013,4.553987
3.296,FOLLOW_LANE,camera lane following,161.000,0.006250,0.750000,0,,NONE,0.000000,4.649923,4.550077
3.328,FOLLOW_LANE,camera lane following,161.000,0.006250,0.750000,0,,NONE,0.000000,4.649927,4.550073
3.360,FOLLOW_LANE,camera lane following,161.000,0.006250,0.750000,0,,NONE,0.000000,4.649931,4.550069
3.392,FOLLOW_LANE,camera lane following,161.000,0.006250,0.750000,0,,NONE,0.000000,4.649935,4.550065
3.424,FOLLOW_LANE,camera lane following,161.500,0.009375,0.750000,0,,NONE,0.000000,4.682753,4.517246
3.456,FOLLOW_LANE,camera lane following,161.000,0.006250,0.750000,0,,NONE,0.000000,4.642132,4.557867
3.488,FOLLOW_LANE,camera lane following,161.250,0.007812,0.750000,0,,NONE,0.000000,4.666356,4.533644
3.520,FOLLOW_LANE,camera lane following,161.000,0.006250,0.750000,0,,NONE,0.000000,4.646048,4.553952
3.552,FOLLOW_LANE,camera lane following,161.000,0.006250,0.750000,0,,NONE,0.000000,4.649958,4.550042
3.584,FOLLOW_LANE,camera lane following,161.500,0.009375,0.750000,0,,NONE,0.000000,4.682776,4.517224
3.616,FOLLOW_LANE,camera lane following,161.000,0.006250,0.750000,0,,NONE,0.000000,4.642155,4.557844
3.648,FOLLOW_LANE,camera lane following,161.000,0.006250,0.750000,0,,NONE,0.000000,4.649972,4.550028
3.680,FOLLOW_LANE,camera lane following,161.000,0.006250,0.750000,0,,NONE,0.000000,4.649976,4.550024
3.712,FOLLOW_LANE,camera lane following,160.500,0.003125,0.750000,0,,NONE,0.000000,4.584351,4.615649
3.744,FOLLOW_LANE,camera lane following,161.000,0.006250,0.750000,0,,NONE,0.000000,4.665605,4.534395
3.776,FOLLOW_LANE,camera lane following,161.000,0.006250,0.750000,0,,NONE,0.000000,4.649984,4.550016
3.808,FOLLOW_LANE,camera lane following,160.500,0.003125,0.750000,0,,NONE,0.000000,4.584359,4.615641
3.840,FOLLOW_LANE,camera lane following,161.250,0.007812,0.750000,0,,NONE,0.000000,4.682020,4.517980
3.872,FOLLOW_LANE,camera lane following,160.500,0.003125,0.750000,0,,NONE,0.000000,4.580458,4.619542
3.904,FOLLOW_LANE,camera lane following,160.500,0.003125,0.750000,0,,NONE,0.000000,4.599989,4.600011
3.936,FOLLOW_LANE,camera lane following,161.000,0.006250,0.750000,0,,NONE,0.000000,4.665618,4.534382
3.968,FOLLOW_LANE,camera lane following,160.500,0.003125,0.750000,0,,NONE,0.000000,4.584368,4.615632
4.000,FOLLOW_LANE,camera lane following,161.000,0.006250,0.750000,0,,NONE,0.000000,4.665622,4.534378
4.032,FOLLOW_LANE,camera lane following,160.500,0.003125,0.750000,0,,NONE,0.000000,4.584372,4.615628
4.064,FOLLOW_LANE,camera lane following,161.000,0.006250,0.750000,0,,NONE,0.000000,4.665626,4.534374
4.096,FOLLOW_LANE,camera lane following,160.500,0.003125,0.750000,0,,NONE,0.000000,4.584376,4.615624
4.128,FOLLOW_LANE,camera lane following,160.500,0.003125,0.750000,0,,NONE,0.000000,4.600001,4.599999
4.160,FOLLOW_LANE,camera lane following,160.500,0.003125,0.750000,0,,NONE,0.000000,4.600001,4.599999
4.192,FOLLOW_LANE,camera lane following,160.500,0.003125,0.750000,0,,NONE,0.000000,4.600001,4.599999
4.224,FOLLOW_LANE,camera lane following,160.500,0.003125,0.750000,0,,NONE,0.000000,4.600001,4.599999
4.256,FOLLOW_LANE,camera lane following,160.500,0.003125,0.750000,0,,NONE,0.000000,4.600001,4.599999
4.288,FOLLOW_LANE,camera lane following,160.500,0.003125,0.750000,0,,NONE,0.000000,4.600001,4.599999
4.320,FOLLOW_LANE,camera lane following,161.000,0.006250,0.750000,0,,NONE,0.000000,4.665630,4.534370
4.352,FOLLOW_LANE,camera lane following,160.000,0.000000,0.750000,0,,NONE,0.000000,4.584380,4.615620
4.384,FOLLOW_LANE,camera lane following,160.500,0.003125,0.750000,0,,NONE,0.000000,4.600005,4.599995
4.416,FOLLOW_LANE,camera lane following,160.500,0.003125,0.750000,0,,NONE,0.000000,4.600005,4.599995
4.448,FOLLOW_LANE,camera lane following,160.500,0.003125,0.750000,0,,NONE,0.000000,4.600005,4.599995
4.480,FOLLOW_LANE,camera lane following,160.500,0.003125,0.750000,0,,NONE,0.000000,4.600005,4.599995
4.512,FOLLOW_LANE,camera lane following,160.750,0.004687,0.750000,0,,NONE,0.000000,4.600005,4.599995
4.544,FOLLOW_LANE,camera lane following,160.500,0.003125,0.750000,0,,NONE,0.000000,4.600005,4.599995
4.576,FOLLOW_LANE,camera lane following,160.500,0.003125,0.750000,0,,NONE,0.000000,4.600005,4.599995
4.608,FOLLOW_LANE,camera lane following,160.500,0.003125,0.750000,0,,NONE,0.000000,4.600005,4.599995
4.640,FOLLOW_LANE,camera lane following,160.500,0.003125,0.750000,0,,NONE,0.000000,4.600005,4.599995
4.672,FOLLOW_LANE,camera lane following,160.500,0.003125,0.750000,0,,NONE,0.000000,4.600005,4.599995
4.704,FOLLOW_LANE,camera lane following,160.500,0.003125,0.750000,0,,NONE,0.000000,4.600005,4.599995
4.736,FOLLOW_LANE,camera lane following,161.000,0.006250,0.750000,0,,NONE,0.000000,4.665634,4.534366
4.768,FOLLOW_LANE,camera lane following,160.000,0.000000,0.750000,0,,NONE,0.000000,4.584384,4.615616
4.800,FOLLOW_LANE,camera lane following,160.000,0.000000,0.750000,0,,NONE,0.000000,4.600009,4.599991
4.832,FOLLOW_LANE,camera lane following,160.000,0.000000,0.750000,0,,NONE,0.000000,4.600009,4.599991
4.864,FOLLOW_LANE,camera lane following,160.000,0.000000,0.750000,0,,NONE,0.000000,4.600009,4.599991
4.896,FOLLOW_LANE,camera lane following,160.000,0.000000,0.750000,0,,NONE,0.000000,4.600009,4.599991
4.928,FOLLOW_LANE,camera lane following,160.500,0.003125,0.750000,0,,NONE,0.000000,4.600009,4.599991
4.960,FOLLOW_LANE,camera lane following,160.000,0.000000,0.750000,0,,NONE,0.000000,4.600009,4.599991
4.992,FOLLOW_LANE,camera lane following,160.000,0.000000,0.750000,0,,NONE,0.000000,4.600009,4.599991
5.024,FOLLOW_LANE,camera lane following,160.000,0.000000,0.750000,0,,NONE,0.000000,4.600009,4.599991
5.056,FOLLOW_LANE,camera lane following,160.000,0.000000,0.750000,0,,NONE,0.000000,4.600009,4.599991
5.088,FOLLOW_LANE,camera lane following,160.000,0.000000,0.750000,0,,NONE,0.000000,4.600009,4.599991
5.120,FOLLOW_LANE,camera lane following,160.500,0.003125,0.750000,0,,NONE,0.000000,4.600009,4.599991
5.152,FOLLOW_LANE,camera lane following,160.000,0.000000,0.750000,0,,NONE,0.000000,4.600009,4.599991
5.184,FOLLOW_LANE,camera lane following,160.000,0.000000,0.750000,0,,NONE,0.000000,4.600009,4.599991
5.216,FOLLOW_LANE,camera lane following,160.000,0.000000,0.750000,0,,NONE,0.000000,4.600009,4.599991
5.248,FOLLOW_LANE,camera lane following,160.250,0.001563,0.750000,0,,NONE,0.000000,4.600009,4.599991
5.280,FOLLOW_LANE,camera lane following,160.000,0.000000,0.750000,0,,NONE,0.000000,4.600009,4.599991
5.312,FOLLOW_LANE,camera lane following,160.000,0.000000,0.750000,0,,NONE,0.000000,4.600009,4.599991
5.344,FOLLOW_LANE,camera lane following,160.000,0.000000,0.750000,0,,NONE,0.000000,4.600009,4.599991
5.376,FOLLOW_LANE,camera lane following,160.000,0.000000,0.750000,0,,NONE,0.000000,4.600009,4.599991
5.408,FOLLOW_LANE,camera lane following,160.000,0.000000,0.750000,0,,NONE,0.000000,4.600009,4.599991
5.440,FOLLOW_LANE,camera lane following,160.000,0.000000,0.750000,0,,NONE,0.000000,4.600009,4.599991
5.472,FOLLOW_LANE,camera lane following,160.000,0.000000,0.750000,0,,NONE,0.000000,4.600009,4.599991
5.504,FOLLOW_LANE,camera lane following,160.000,0.000000,0.750000,0,,NONE,0.000000,4.600009,4.599991
5.536,FOLLOW_LANE,camera lane following,160.000,0.000000,0.750000,0,,NONE,0.000000,4.600009,4.599991
5.568,FOLLOW_LANE,camera lane following,160.000,0.000000,0.750000,0,,NONE,0.000000,4.600009,4.599991
5.600,FOLLOW_LANE,camera lane following,160.000,0.000000,0.750000,0,,NONE,0.000000,4.600009,4.599991
5.632,FOLLOW_LANE,camera lane following,160.000,0.000000,0.750000,0,,NONE,0.000000,4.600009,4.599991
5.664,FOLLOW_LANE,camera lane following,160.000,0.000000,0.750000,0,,NONE,0.000000,4.600009,4.599991
5.696,FOLLOW_LANE,camera lane following,160.000,0.000000,0.750000,0,,NONE,0.000000,4.600009,4.599991
5.728,FOLLOW_LANE,camera lane following,160.000,0.000000,0.750000,0,,NONE,0.000000,4.600009,4.599991
5.760,FOLLOW_LANE,camera lane following,160.000,0.000000,0.750000,0,,NONE,0.000000,4.600009,4.599991
5.792,FOLLOW_LANE,camera lane following,161.000,0.006250,0.750000,0,,NONE,0.000000,4.665638,4.534362
5.824,FOLLOW_LANE,camera lane following,160.500,0.003125,0.750000,0,,NONE,0.000000,4.584388,4.615612
5.856,FOLLOW_LANE,camera lane following,160.250,0.001563,0.750000,0,,NONE,0.000000,4.600013,4.599987
5.888,FOLLOW_LANE,camera lane following,160.500,0.003125,0.750000,0,,NONE,0.000000,4.600013,4.599987
5.920,FOLLOW_LANE,camera lane following,159.500,-0.003125,0.750000,0,,NONE,0.000000,4.600013,4.599987
5.952,FOLLOW_LANE,camera lane following,159.500,-0.003125,0.750000,0,,NONE,0.000000,4.600013,4.599987
5.984,FOLLOW_LANE,camera lane following,159.500,-0.003125,0.750000,0,,NONE,0.000000,4.600013,4.599987
6.016,FOLLOW_LANE,camera lane following,159.500,-0.003125,0.750000,0,,NONE,0.000000,4.600013,4.599987
6.048,FOLLOW_LANE,camera lane following,159.500,-0.003125,0.750000,0,,NONE,0.000000,4.600013,4.599987
6.080,FOLLOW_LANE,camera lane following,159.500,-0.003125,0.750000,0,,NONE,0.000000,4.600013,4.599987
6.112,FOLLOW_LANE,camera lane following,160.000,0.000000,0.750000,0,,NONE,0.000000,4.600013,4.599987
6.144,FOLLOW_LANE,camera lane following,159.750,-0.001563,0.750000,0,,NONE,0.000000,4.600013,4.599987
6.176,FOLLOW_LANE,camera lane following,159.500,-0.003125,0.750000,0,,NONE,0.000000,4.600013,4.599987
6.208,FOLLOW_LANE,camera lane following,159.500,-0.003125,0.750000,0,,NONE,0.000000,4.600013,4.599987
6.240,FOLLOW_LANE,camera lane following,159.500,-0.003125,0.750000,0,,NONE,0.000000,4.600013,4.599987
6.272,FOLLOW_LANE,camera lane following,159.500,-0.003125,0.750000,0,,NONE,0.000000,4.600013,4.599987
6.304,FOLLOW_LANE,camera lane following,159.500,-0.003125,0.750000,0,,NONE,0.000000,4.600013,4.599987
6.336,FOLLOW_LANE,camera lane following,159.500,-0.003125,0.750000,0,,NONE,0.000000,4.600013,4.599987
6.368,FOLLOW_LANE,camera lane following,159.500,-0.003125,0.750000,0,,NONE,0.000000,4.600013,4.599987
6.400,FOLLOW_LANE,camera lane following,159.500,-0.003125,0.750000,0,,NONE,0.000000,4.600013,4.599987
6.432,FOLLOW_LANE,camera lane following,159.500,-0.003125,0.750000,0,,NONE,0.000000,4.600013,4.599987
6.464,FOLLOW_LANE,camera lane following,159.500,-0.003125,0.750000,0,,NONE,0.000000,4.600013,4.599987
6.496,FOLLOW_LANE,camera lane following,159.500,-0.003125,0.750000,0,,NONE,0.000000,4.600013,4.599987
6.528,FOLLOW_LANE,camera lane following,159.500,-0.003125,0.750000,0,,NONE,0.000000,4.600013,4.599987
6.560,FOLLOW_LANE,camera lane following,159.500,-0.003125,0.750000,0,,NONE,0.000000,4.600013,4.599987
6.592,FOLLOW_LANE,camera lane following,159.000,-0.006250,0.750000,0,,NONE,0.000000,4.534384,4.665616
6.624,FOLLOW_LANE,camera lane following,159.500,-0.003125,0.750000,0,,NONE,0.000000,4.615634,4.584366
6.656,FOLLOW_LANE,camera lane following,160.000,0.000000,0.750000,0,,NONE,0.000000,4.600009,4.599991
6.688,FOLLOW_LANE,camera lane following,160.000,0.000000,0.750000,0,,NONE,0.000000,4.600009,4.599991
6.720,FOLLOW_LANE,camera lane following,159.500,-0.003125,0.750000,0,,NONE,0.000000,4.600009,4.599991
6.752,FOLLOW_LANE,camera lane following,159.500,-0.003125,0.750000,0,,NONE,0.000000,4.600009,4.599991
6.784,FOLLOW_LANE,camera lane following,159.500,-0.003125,0.750000,0,,NONE,0.000000,4.600009,4.599991
6.816,FOLLOW_LANE,camera lane following,159.750,-0.001563,0.750000,0,,NONE,0.000000,4.600009,4.599991
6.848,FOLLOW_LANE,camera lane following,160.000,0.000000,0.750000,0,,NONE,0.000000,4.600009,4.599991
6.880,FOLLOW_LANE,camera lane following,159.000,-0.006250,0.750000,0,,NONE,0.000000,4.534380,4.665620
6.912,FOLLOW_LANE,camera lane following,160.000,0.000000,0.750000,0,,NONE,0.000000,4.615630,4.584370
6.944,FOLLOW_LANE,camera lane following,159.500,-0.003125,0.750000,0,,NONE,0.000000,4.600005,4.599995
6.976,FOLLOW_LANE,camera lane following,159.500,-0.003125,0.750000,0,,NONE,0.000000,4.600005,4.599995
7.008,FOLLOW_LANE,camera lane following,159.500,-0.003125,0.750000,0,,NONE,0.000000,4.600005,4.599995
7.040,FOLLOW_LANE,camera lane following,159.500,-0.003125,0.750000,0,,NONE,0.000000,4.600005,4.599995
7.072,FOLLOW_LANE,camera lane following,159.500,-0.003125,0.750000,0,,NONE,0.000000,4.600005,4.599995
7.104,FOLLOW_LANE,camera lane following,159.500,-0.003125,0.750000,0,,NONE,0.000000,4.600005,4.599995
7.136,FOLLOW_LANE,camera lane following,159.500,-0.003125,0.750000,0,,NONE,0.000000,4.600005,4.599995
7.168,FOLLOW_LANE,camera lane following,159.500,-0.003125,0.750000,0,,NONE,0.000000,4.600005,4.599995
7.200,FOLLOW_LANE,camera lane following,159.500,-0.003125,0.750000,0,,NONE,0.000000,4.600005,4.599995
7.232,FOLLOW_LANE,camera lane following,160.000,0.000000,0.750000,0,,NONE,0.000000,4.600005,4.599995
7.264,FOLLOW_LANE,camera lane following,159.500,-0.003125,0.750000,0,,NONE,0.000000,4.600005,4.599995
7.296,FOLLOW_LANE,camera lane following,159.500,-0.003125,0.750000,0,,NONE,0.000000,4.600005,4.599995
7.328,FOLLOW_LANE,camera lane following,159.500,-0.003125,0.750000,0,,NONE,0.000000,4.600005,4.599995
7.360,FOLLOW_LANE,camera lane following,159.500,-0.003125,0.750000,0,,NONE,0.000000,4.600005,4.599995
7.392,FOLLOW_LANE,camera lane following,159.500,-0.003125,0.750000,0,,NONE,0.000000,4.600005,4.599995
7.424,FOLLOW_LANE,camera lane following,159.500,-0.003125,0.750000,0,,NONE,0.000000,4.600005,4.599995
7.456,FOLLOW_LANE,camera lane following,159.750,-0.001563,0.750000,0,,NONE,0.000000,4.600005,4.599995
7.488,FOLLOW_LANE,camera lane following,160.000,0.000000,0.750000,0,,NONE,0.000000,4.600005,4.599995
7.520,FOLLOW_LANE,camera lane following,159.750,-0.001563,0.750000,0,,NONE,0.000000,4.600005,4.599995
7.552,FOLLOW_LANE,camera lane following,159.500,-0.003125,0.750000,0,,NONE,0.000000,4.600005,4.599995
7.584,FOLLOW_LANE,camera lane following,159.500,-0.003125,0.750000,0,,NONE,0.000000,4.600005,4.599995
7.616,FOLLOW_LANE,camera lane following,159.500,-0.003125,0.750000,0,,NONE,0.000000,4.600005,4.599995
7.648,FOLLOW_LANE,camera lane following,159.500,-0.003125,0.750000,0,,NONE,0.000000,4.600005,4.599995
7.680,FOLLOW_LANE,camera lane following,159.500,-0.003125,0.750000,0,,NONE,0.000000,4.600005,4.599995
7.712,FOLLOW_LANE,camera lane following,159.500,-0.003125,0.750000,0,,NONE,0.000000,4.600005,4.599995
7.744,FOLLOW_LANE,camera lane following,159.500,-0.003125,0.750000,0,,NONE,0.000000,4.600005,4.599995
7.776,FOLLOW_LANE,camera lane following,160.000,0.000000,0.750000,0,,NONE,0.000000,4.600005,4.599995
7.808,FOLLOW_LANE,camera lane following,160.000,0.000000,0.750000,0,,NONE,0.000000,4.600005,4.599995
7.840,FOLLOW_LANE,camera lane following,160.000,0.000000,0.750000,0,,NONE,0.000000,4.600005,4.599995
7.872,FOLLOW_LANE,camera lane following,159.500,-0.003125,0.750000,0,,NONE,0.000000,4.600005,4.599995
7.904,FOLLOW_LANE,camera lane following,160.000,0.000000,0.750000,0,,NONE,0.000000,4.600005,4.599995
7.936,FOLLOW_LANE,camera lane following,160.000,0.000000,0.750000,0,,NONE,0.000000,4.600005,4.599995
7.968,FOLLOW_LANE,camera lane following,160.000,0.000000,0.750000,0,,NONE,0.000000,4.600005,4.599995
8.000,FOLLOW_LANE,camera lane following,160.000,0.000000,0.750000,0,,NONE,0.000000,4.600005,4.599995
8.032,FOLLOW_LANE,camera lane following,159.500,-0.003125,0.750000,0,,NONE,0.000000,4.600005,4.599995
8.064,FOLLOW_LANE,camera lane following,159.500,-0.003125,0.750000,0,,NONE,0.000000,4.600005,4.599995
8.096,FOLLOW_LANE,camera lane following,159.250,-0.004687,0.750000,0,,NONE,0.000000,4.600005,4.599995
8.128,FOLLOW_LANE,camera lane following,159.500,-0.003125,0.750000,0,,NONE,0.000000,4.600005,4.599995
8.160,FOLLOW_LANE,camera lane following,159.500,-0.003125,0.750000,0,,NONE,0.000000,4.600005,4.599995
8.192,FOLLOW_LANE,camera lane following,159.500,-0.003125,0.750000,0,,NONE,0.000000,4.600005,4.599995
8.224,FOLLOW_LANE,camera lane following,159.500,-0.003125,0.750000,0,,NONE,0.000000,4.600005,4.599995
8.256,FOLLOW_LANE,camera lane following,159.500,-0.003125,0.750000,0,,NONE,0.000000,4.600005,4.599995
8.288,FOLLOW_LANE,camera lane following,159.750,-0.001563,0.750000,0,,NONE,0.000000,4.600005,4.599995
8.320,FOLLOW_LANE,camera lane following,159.500,-0.003125,0.750000,0,,NONE,0.000000,4.600005,4.599995
8.352,FOLLOW_LANE,camera lane following,160.000,0.000000,0.750000,0,,NONE,0.000000,4.600005,4.599995
8.384,FOLLOW_LANE,camera lane following,159.500,-0.003125,0.750000,0,,NONE,0.000000,4.600005,4.599995
8.416,FOLLOW_LANE,camera lane following,159.500,-0.003125,0.750000,0,,NONE,0.000000,4.600005,4.599995
8.448,FOLLOW_LANE,camera lane following,159.500,-0.003125,0.750000,0,,NONE,0.000000,4.600005,4.599995
8.480,FOLLOW_LANE,camera lane following,159.500,-0.003125,0.750000,0,,NONE,0.000000,4.600005,4.599995
8.512,FOLLOW_LANE,camera lane following,159.500,-0.003125,0.750000,0,,NONE,0.000000,4.600005,4.599995
8.544,FOLLOW_LANE,camera lane following,159.500,-0.003125,0.750000,0,,NONE,0.000000,4.600005,4.599995
8.576,FOLLOW_LANE,camera lane following,160.000,0.000000,0.750000,0,,NONE,0.000000,4.600005,4.599995
8.608,FOLLOW_LANE,camera lane following,160.000,0.000000,0.750000,0,,NONE,0.000000,4.600005,4.599995
8.640,FOLLOW_LANE,camera lane following,160.000,0.000000,0.750000,0,,NONE,0.000000,4.600005,4.599995
8.672,FOLLOW_LANE,camera lane following,159.750,-0.001563,0.750000,0,,NONE,0.000000,4.600005,4.599995
8.704,FOLLOW_LANE,camera lane following,159.500,-0.003125,0.750000,0,,NONE,0.000000,4.600005,4.599995
8.736,FOLLOW_LANE,camera lane following,159.500,-0.003125,0.750000,0,,NONE,0.000000,4.600005,4.599995
8.768,FOLLOW_LANE,camera lane following,159.500,-0.003125,0.750000,0,,NONE,0.000000,4.600005,4.599995
8.800,FOLLOW_LANE,camera lane following,160.000,0.000000,0.750000,0,,NONE,0.000000,4.600005,4.599995
8.832,FOLLOW_LANE,camera lane following,160.000,0.000000,0.750000,0,,NONE,0.000000,4.600005,4.599995
8.864,FOLLOW_LANE,camera lane following,160.500,0.003125,0.750000,0,,NONE,0.000000,4.600005,4.599995
8.896,FOLLOW_LANE,camera lane following,160.000,0.000000,0.750000,0,,NONE,0.000000,4.600005,4.599995
8.928,FOLLOW_LANE,camera lane following,160.000,0.000000,0.750000,0,,NONE,0.000000,4.600005,4.599995
8.960,FOLLOW_LANE,camera lane following,160.000,0.000000,0.750000,0,,NONE,0.000000,4.600005,4.599995
8.992,FOLLOW_LANE,camera lane following,160.000,0.000000,0.750000,0,,NONE,0.000000,4.600005,4.599995
9.024,FOLLOW_LANE,camera lane following,160.500,0.003125,0.750000,0,,NONE,0.000000,4.600005,4.599995
9.056,FOLLOW_LANE,camera lane following,159.500,-0.003125,0.750000,0,,NONE,0.000000,4.600005,4.599995
9.088,FOLLOW_LANE,camera lane following,160.500,0.003125,0.750000,0,,NONE,0.000000,4.600005,4.599995
9.120,FOLLOW_LANE,camera lane following,160.500,0.003125,0.750000,0,,NONE,0.000000,4.600005,4.599995
9.152,FOLLOW_LANE,camera lane following,160.500,0.003125,0.750000,0,,NONE,0.000000,4.600005,4.599995
9.184,FOLLOW_LANE,camera lane following,160.250,0.001563,0.750000,0,,NONE,0.000000,4.600005,4.599995
9.216,FOLLOW_LANE,camera lane following,160.000,0.000000,0.750000,0,,NONE,0.000000,4.600005,4.599995
9.248,FOLLOW_LANE,camera lane following,160.000,0.000000,0.750000,0,,NONE,0.000000,4.600005,4.599995
9.280,FOLLOW_LANE,camera lane following,160.500,0.003125,0.750000,0,,NONE,0.000000,4.600005,4.599995
9.312,FOLLOW_LANE,camera lane following,160.500,0.003125,0.750000,0,,NONE,0.000000,4.600005,4.599995
9.344,FOLLOW_LANE,camera lane following,160.500,0.003125,0.750000,0,,NONE,0.000000,4.600005,4.599995
9.376,FOLLOW_LANE,camera lane following,160.500,0.003125,0.750000,0,,NONE,0.000000,4.600005,4.599995
9.408,FOLLOW_LANE,camera lane following,160.500,0.003125,0.750000,0,,NONE,0.000000,4.600005,4.599995
9.440,FOLLOW_LANE,camera lane following,160.000,0.000000,0.750000,0,,NONE,0.000000,4.600005,4.599995
9.472,FOLLOW_LANE,camera lane following,160.500,0.003125,0.750000,0,,NONE,0.000000,4.600005,4.599995
9.504,FOLLOW_LANE,camera lane following,160.500,0.003125,0.750000,0,,NONE,0.000000,4.600005,4.599995
9.536,FOLLOW_LANE,camera lane following,160.500,0.003125,0.750000,0,,NONE,0.000000,4.600005,4.599995
9.568,FOLLOW_LANE,camera lane following,161.000,0.006250,0.750000,0,,NONE,0.000000,4.665634,4.534366
9.600,FOLLOW_LANE,camera lane following,161.000,0.006250,0.750000,0,,NONE,0.000000,4.650013,4.549987
9.632,FOLLOW_LANE,camera lane following,160.500,0.003125,0.750000,0,,NONE,0.000000,4.584388,4.615612
