time_s,state,reason,lane_center_x,lane_error_normalized,lane_confidence,obstacle_count,path_blocked,obstacle_present,primary_track_id,obstacle_color,obstacle_motion,obstacle_confidence,obstacle_threat_score,left_speed,right_speed
0.032,FOLLOW_LANE,camera lane following,159.500,-0.003125,0.750000,0,0,0,,,NONE,0.000000,0.000000,4.600000,4.600000
0.064,FOLLOW_LANE,camera lane following,163.000,0.018750,0.750000,0,0,0,,,NONE,0.000000,0.000000,4.796887,4.403113
0.096,FOLLOW_LANE,camera lane following,160.500,0.003125,0.750000,0,0,0,,,NONE,0.000000,0.000000,4.553137,4.646863
0.128,FOLLOW_LANE,camera lane following,159.500,-0.003125,0.750000,0,0,0,,,NONE,0.000000,0.000000,4.600012,4.599988
0.160,FOLLOW_LANE,camera lane following,159.500,-0.003125,0.750000,0,0,0,,,NONE,0.000000,0.000000,4.600012,4.599988
0.192,FOLLOW_LANE,camera lane following,160.000,0.000000,0.750000,0,0,0,,,NONE,0.000000,0.000000,4.600012,4.599988
0.224,FOLLOW_LANE,camera lane following,160.000,0.000000,0.750000,0,0,0,,,NONE,0.000000,0.000000,4.600012,4.599988
0.256,FOLLOW_LANE,camera lane following,159.500,-0.003125,0.750000,0,0,0,,,NONE,0.000000,0.000000,4.600012,4.599988
0.288,FOLLOW_LANE,camera lane following,159.500,-0.003125,0.750000,0,0,0,,,NONE,0.000000,0.000000,4.600012,4.599988
0.320,FOLLOW_LANE,camera lane following,159.500,-0.003125,0.750000,0,0,0,,,NONE,0.000000,0.000000,4.600012,4.599988
0.352,FOLLOW_LANE,camera lane following,159.500,-0.003125,0.750000,0,0,0,,,NONE,0.000000,0.000000,4.600012,4.599988
0.384,FOLLOW_LANE,camera lane following,159.500,-0.003125,0.750000,0,0,0,,,NONE,0.000000,0.000000,4.600012,4.599988
0.416,FOLLOW_LANE,camera lane following,160.000,0.000000,0.750000,0,0,0,,,NONE,0.000000,0.000000,4.600012,4.599988
0.448,FOLLOW_LANE,camera lane following,160.000,0.000000,0.750000,0,0,0,,,NONE,0.000000,0.000000,4.600012,4.599988
0.480,FOLLOW_LANE,camera lane following,160.000,0.000000,0.750000,0,0,0,,,NONE,0.000000,0.000000,4.600012,4.599988
0.512,FOLLOW_LANE,camera lane following,160.000,0.000000,0.750000,0,0,0,,,NONE,0.000000,0.000000,4.600012,4.599988
0.544,FOLLOW_LANE,camera lane following,160.000,0.000000,0.750000,0,0,0,,,NONE,0.000000,0.000000,4.600012,4.599988
0.576,FOLLOW_LANE,camera lane following,160.000,0.000000,0.750000,0,0,0,,,NONE,0.000000,0.000000,4.600012,4.599988
0.608,FOLLOW_LANE,camera lane following,160.000,0.000000,0.750000,0,0,0,,,NONE,0.000000,0.000000,4.600012,4.599988
0.640,FOLLOW_LANE,camera lane following,160.000,0.000000,0.750000,0,0,0,,,NONE,0.000000,0.000000,4.600012,4.599988
0.672,FOLLOW_LANE,camera lane following,160.000,0.000000,0.750000,0,0,0,,,NONE,0.000000,0.000000,4.600012,4.599988
0.704,FOLLOW_LANE,camera lane following,160.000,0.000000,0.750000,0,0,0,,,NONE,0.000000,0.000000,4.600012,4.599988
0.736,FOLLOW_LANE,camera lane following,159.500,-0.003125,0.750000,0,0,0,,,NONE,0.000000,0.000000,4.600012,4.599988
0.768,FOLLOW_LANE,camera lane following,159.500,-0.003125,0.750000,0,0,0,,,NONE,0.000000,0.000000,4.600012,4.599988
0.800,FOLLOW_LANE,camera lane following,159.500,-0.003125,0.750000,0,0,0,,,NONE,0.000000,0.000000,4.600012,4.599988
0.832,FOLLOW_LANE,camera lane following,159.500,-0.003125,0.750000,0,0,0,,,NONE,0.000000,0.000000,4.600012,4.599988
0.864,FOLLOW_LANE,camera lane following,160.000,0.000000,0.750000,0,0,0,,,NONE,0.000000,0.000000,4.600012,4.599988
0.896,FOLLOW_LANE,camera lane following,160.000,0.000000,0.750000,0,0,0,,,NONE,0.000000,0.000000,4.600012,4.599988
0.928,FOLLOW_LANE,camera lane following,160.000,0.000000,0.750000,0,0,0,,,NONE,0.000000,0.000000,4.600012,4.599988
0.960,FOLLOW_LANE,camera lane following,159.500,-0.003125,0.750000,0,0,0,,,NONE,0.000000,0.000000,4.600012,4.599988
0.992,FOLLOW_LANE,camera lane following,159.500,-0.003125,0.750000,0,0,0,,,NONE,0.000000,0.000000,4.600012,4.599988
1.024,FOLLOW_LANE,camera lane following,159.500,-0.003125,0.750000,0,0,0,,,NONE,0.000000,0.000000,4.600012,4.599988
1.056,FOLLOW_LANE,camera lane following,159.500,-0.003125,0.750000,0,0,0,,,NONE,0.000000,0.000000,4.600012,4.599988
1.088,FOLLOW_LANE,camera lane following,160.000,0.000000,0.750000,0,0,0,,,NONE,0.000000,0.000000,4.600012,4.599988
1.120,FOLLOW_LANE,camera lane following,160.000,0.000000,0.750000,0,0,0,,,NONE,0.000000,0.000000,4.600012,4.599988
1.152,FOLLOW_LANE,camera lane following,160.000,0.000000,0.750000,0,0,0,,,NONE,0.000000,0.000000,4.600012,4.599988
1.184,FOLLOW_LANE,camera lane following,160.000,0.000000,0.750000,0,0,0,,,NONE,0.000000,0.000000,4.600012,4.599988
1.216,FOLLOW_LANE,camera lane following,160.000,0.000000,0.750000,0,0,0,,,NONE,0.000000,0.000000,4.600012,4.599988
1.248,FOLLOW_LANE,camera lane following,160.000,0.000000,0.750000,0,0,0,,,NONE,0.000000,0.000000,4.600012,4.599988
1.280,FOLLOW_LANE,camera lane following,160.000,0.000000,0.750000,0,0,0,,,NONE,0.000000,0.000000,4.600012,4.599988
1.312,FOLLOW_LANE,camera lane following,160.000,0.000000,0.750000,0,0,0,,,NONE,0.000000,0.000000,4.600012,4.599988
1.344,FOLLOW_LANE,camera lane following,160.000,0.000000,0.750000,0,0,0,,,NONE,0.000000,0.000000,4.600012,4.599988
1.376,FOLLOW_LANE,camera lane following,160.000,0.000000,0.750000,0,0,0,,,NONE,0.000000,0.000000,4.600012,4.599988
1.408,FOLLOW_LANE,camera lane following,160.000,0.000000,0.750000,0,0,0,,,NONE,0.000000,0.000000,4.600012,4.599988
1.440,FOLLOW_LANE,camera lane following,160.000,0.000000,0.750000,0,0,0,,,NONE,0.000000,0.000000,4.600012,4.599988
1.472,FOLLOW_LANE,camera lane following,160.000,0.000000,0.750000,0,0,0,,,NONE,0.000000,0.000000,4.600012,4.599988
1.504,FOLLOW_LANE,camera lane following,159.500,-0.003125,0.750000,0,0,0,,,NONE,0.000000,0.000000,4.600012,4.599988
1.536,FOLLOW_LANE,camera lane following,159.500,-0.003125,0.750000,0,0,0,,,NONE,0.000000,0.000000,4.600012,4.599988
1.568,FOLLOW_LANE,camera lane following,159.500,-0.003125,0.750000,0,0,0,,,NONE,0.000000,0.000000,4.600012,4.599988
1.600,FOLLOW_LANE,camera lane following,159.500,-0.003125,0.750000,0,0,0,,,NONE,0.000000,0.000000,4.600012,4.599988
1.632,FOLLOW_LANE,camera lane following,159.500,-0.003125,0.750000,0,0,0,,,NONE,0.000000,0.000000,4.600012,4.599988
1.664,FOLLOW_LANE,camera lane following,159.500,-0.003125,0.750000,0,0,0,,,NONE,0.000000,0.000000,4.600012,4.599988
1.696,FOLLOW_LANE,camera lane following,159.500,-0.003125,0.750000,0,0,0,,,NONE,0.000000,0.000000,4.600012,4.599988
1.728,FOLLOW_LANE,camera lane following,159.500,-0.003125,0.750000,0,0,0,,,NONE,0.000000,0.000000,4.600012,4.599988
1.760,FOLLOW_LANE,camera lane following,159.500,-0.003125,0.750000,0,0,0,,,NONE,0.000000,0.000000,4.600012,4.599988
1.792,FOLLOW_LANE,camera lane following,160.000,0.000000,0.750000,0,0,0,,,NONE,0.000000,0.000000,4.600012,4.599988
1.824,FOLLOW_LANE,camera lane following,160.000,0.000000,0.750000,0,0,0,,,NONE,0.000000,0.000000,4.600012,4.599988
1.856,FOLLOW_LANE,camera lane following,160.000,0.000000,0.750000,0,0,0,,,NONE,0.000000,0.000000,4.600012,4.599988
1.888,FOLLOW_LANE,camera lane following,160.000,0.000000,0.750000,0,0,0,,,NONE,0.000000,0.000000,4.600012,4.599988
1.920,FOLLOW_LANE,camera lane following,160.000,0.000000,0.750000,0,0,0,,,NONE,0.000000,0.000000,4.600012,4.599988
1.952,FOLLOW_LANE,camera lane following,160.000,0.000000,0.750000,0,0,0,,,NONE,0.000000,0.000000,4.600012,4.599988
1.984,FOLLOW_LANE,camera lane following,160.000,0.000000,0.750000,0,0,0,,,NONE,0.000000,0.000000,4.600012,4.599988
2.016,FOLLOW_LANE,camera lane following,160.000,0.000000,0.750000,0,0,0,,,NONE,0.000000,0.000000,4.600012,4.599988
2.048,FOLLOW_LANE,camera lane following,160.000,0.000000,0.750000,0,0,0,,,NONE,0.000000,0.000000,4.600012,4.599988
2.080,FOLLOW_LANE,camera lane following,160.000,0.000000,0.750000,0,0,0,,,NONE,0.000000,0.000000,4.600012,4.599988
2.112,FOLLOW_LANE,camera lane following,160.000,0.000000,0.750000,0,0,0,,,NONE,0.000000,0.000000,4.600012,4.599988
2.144,FOLLOW_LANE,camera lane following,160.000,0.000000,0.750000,0,0,0,,,NONE,0.000000,0.000000,4.600012,4.599988
2.176,FOLLOW_LANE,camera lane following,160.500,0.003125,0.750000,0,0,0,,,NONE,0.000000,0.000000,4.600012,4.599988
2.208,FOLLOW_LANE,camera lane following,160.000,0.000000,0.750000,0,0,0,,,NONE,0.000000,0.000000,4.600012,4.599988
2.240,FOLLOW_LANE,camera lane following,160.000,0.000000,0.750000,0,0,0,,,NONE,0.000000,0.000000,4.600012,4.599988
2.272,FOLLOW_LANE,camera lane following,160.000,0.000000,0.750000,0,0,0,,,NONE,0.000000,0.000000,4.600012,4.599988
2.304,FOLLOW_LANE,camera lane following,160.000,0.000000,0.750000,0,0,0,,,NONE,0.000000,0.000000,4.600012,4.599988
2.336,FOLLOW_LANE,camera lane following,159.500,-0.003125,0.750000,0,0,0,,,NONE,0.000000,0.000000,4.600012,4.599988
2.368,FOLLOW_LANE,camera lane following,160.000,0.000000,0.750000,0,0,0,,,NONE,0.000000,0.000000,4.600012,4.599988
2.400,FOLLOW_LANE,camera lane following,160.000,0.000000,0.750000,0,0,0,,,NONE,0.000000,0.000000,4.600012,4.599988
2.432,FOLLOW_LANE,camera lane following,160.000,0.000000,0.750000,0,0,0,,,NONE,0.000000,0.000000,4.600012,4.599988
2.464,FOLLOW_LANE,camera lane following,160.000,0.000000,0.750000,0,0,0,,,NONE,0.000000,0.000000,4.600012,4.599988
2.496,FOLLOW_LANE,camera lane following,160.000,0.000000,0.750000,0,0,0,,,NONE,0.000000,0.000000,4.600012,4.599988
2.528,FOLLOW_LANE,camera lane following,159.500,-0.003125,0.750000,0,0,0,,,NONE,0.000000,0.000000,4.600012,4.599988
2.560,FOLLOW_LANE,camera lane following,160.000,0.000000,0.750000,0,0,0,,,NONE,0.000000,0.000000,4.600012,4.599988
2.592,FOLLOW_LANE,camera lane following,160.000,0.000000,0.750000,0,0,0,,,NONE,0.000000,0.000000,4.600012,4.599988
2.624,FOLLOW_LANE,camera lane following,160.000,0.000000,0.750000,0,0,0,,,NONE,0.000000,0.000000,4.600012,4.599988
2.656,FOLLOW_LANE,camera lane following,160.500,0.003125,0.750000,0,0,0,,,NONE,0.000000,0.000000,4.600012,4.599988
2.688,FOLLOW_LANE,camera lane following,160.500,0.003125,0.750000,0,0,0,,,NONE,0.000000,0.000000,4.600012,4.599988
2.720,FOLLOW_LANE,camera lane following,160.500,0.003125,0.750000,0,0,0,,,NONE,0.000000,0.000000,4.600012,4.599988
2.752,FOLLOW_LANE,camera lane following,160.000,0.000000,0.750000,0,0,0,,,NONE,0.000000,0.000000,4.600012,4.599988
2.784,FOLLOW_LANE,camera lane following,160.000,0.000000,0.750000,0,0,0,,,NONE,0.000000,0.000000,4.600012,4.599988
2.816,FOLLOW_LANE,camera lane following,160.000,0.000000,0.750000,0,0,0,,,NONE,0.000000,0.000000,4.600012,4.599988
2.848,FOLLOW_LANE,camera lane following,160.000,0.000000,0.750000,0,0,0,,,NONE,0.000000,0.000000,4.600012,4.599988
2.880,FOLLOW_LANE,camera lane following,160.000,0.000000,0.750000,0,0,0,,,NONE,0.000000,0.000000,4.600012,4.599988
2.912,FOLLOW_LANE,camera lane following,160.000,0.000000,0.750000,0,0,0,,,NONE,0.000000,0.000000,4.600012,4.599988
2.944,FOLLOW_LANE,camera lane following,160.500,0.003125,0.750000,0,0,0,,,NONE,0.000000,0.000000,4.600012,4.599988
2.976,FOLLOW_LANE,camera lane following,160.500,0.003125,0.750000,0,0,0,,,NONE,0.000000,0.000000,4.600012,4.599988
3.008,FOLLOW_LANE,camera lane following,160.500,0.003125,0.750000,0,0,0,,,NONE,0.000000,0.000000,4.600012,4.599988
3.040,FOLLOW_LANE,camera lane following,160.500,0.003125,0.750000,0,0,0,,,NONE,0.000000,0.000000,4.600012,4.599988
3.072,FOLLOW_LANE,camera lane following,160.500,0.003125,0.750000,0,0,0,,,NONE,0.000000,0.000000,4.600012,4.599988
3.104,FOLLOW_LANE,camera lane following,160.500,0.003125,0.750000,0,0,0,,,NONE,0.000000,0.000000,4.600012,4.599988
3.136,FOLLOW_LANE,camera lane following,160.000,0.000000,0.750000,0,0,0,,,NONE,0.000000,0.000000,4.600012,4.599988
3.168,FOLLOW_LANE,camera lane following,160.500,0.003125,0.750000,0,0,0,,,NONE,0.000000,0.000000,4.600012,4.599988
3.200,FOLLOW_LANE,camera lane following,160.000,0.000000,0.750000,0,0,0,,,NONE,0.000000,0.000000,4.600012,4.599988
3.232,FOLLOW_LANE,camera lane following,160.000,0.000000,0.750000,0,0,0,,,NONE,0.000000,0.000000,4.600012,4.599988
3.264,FOLLOW_LANE,camera lane following,160.000,0.000000,0.750000,0,0,0,,,NONE,0.000000,0.000000,4.600012,4.599988
3.296,FOLLOW_LANE,camera lane following,160.000,0.000000,0.750000,0,0,0,,,NONE,0.000000,0.000000,4.600012,4.599988
3.328,FOLLOW_LANE,camera lane following,160.500,0.003125,0.750000,0,0,0,,,NONE,0.000000,0.000000,4.600012,4.599988
3.360,FOLLOW_LANE,camera lane following,160.000,0.000000,0.750000,0,0,0,,,NONE,0.000000,0.000000,4.600012,4.599988
3.392,FOLLOW_LANE,camera lane following,160.500,0.003125,0.750000,0,0,0,,,NONE,0.000000,0.000000,4.600012,4.599988
3.424,FOLLOW_LANE,camera lane following,160.500,0.003125,0.750000,0,0,0,,,NONE,0.000000,0.000000,4.600012,4.599988
3.456,FOLLOW_LANE,camera lane following,160.500,0.003125,0.750000,0,0,0,,,NONE,0.000000,0.000000,4.600012,4.599988
3.488,FOLLOW_LANE,camera lane following,160.500,0.003125,0.750000,0,0,0,,,NONE,0.000000,0.000000,4.600012,4.599988
3.520,FOLLOW_LANE,camera lane following,160.500,0.003125,0.750000,0,0,0,,,NONE,0.000000,0.000000,4.600012,4.599988
3.552,FOLLOW_LANE,camera lane following,160.500,0.003125,0.750000,0,0,0,,,NONE,0.000000,0.000000,4.600012,4.599988
3.584,FOLLOW_LANE,camera lane following,160.500,0.003125,0.750000,0,0,0,,,NONE,0.000000,0.000000,4.600012,4.599988
3.616,FOLLOW_LANE,camera lane following,160.500,0.003125,0.750000,0,0,0,,,NONE,0.000000,0.000000,4.600012,4.599988
3.648,FOLLOW_LANE,camera lane following,160.500,0.003125,0.750000,0,0,0,,,NONE,0.000000,0.000000,4.600012,4.599988
3.680,FOLLOW_LANE,camera lane following,160.500,0.003125,0.750000,0,0,0,,,NONE,0.000000,0.000000,4.600012,4.599988
3.712,FOLLOW_LANE,camera lane following,160.500,0.003125,0.750000,0,0,0,,,NONE,0.000000,0.000000,4.600012,4.599988
3.744,FOLLOW_LANE,camera lane following,160.500,0.003125,0.750000,0,0,0,,,NONE,0.000000,0.000000,4.600012,4.599988
3.776,FOLLOW_LANE,camera lane following,160.500,0.003125,0.750000,0,0,0,,,NONE,0.000000,0.000000,4.600012,4.599988
3.808,FOLLOW_LANE,camera lane following,160.500,0.003125,0.750000,0,0,0,,,NONE,0.000000,0.000000,4.600012,4.599988
3.840,FOLLOW_LANE,camera lane following,160.500,0.003125,0.750000,0,0,0,,,NONE,0.000000,0.000000,4.600012,4.599988
3.872,FOLLOW_LANE,camera lane following,160.500,0.003125,0.750000,0,0,0,,,NONE,0.000000,0.000000,4.600012,4.599988
3.904,FOLLOW_LANE,camera lane following,160.500,0.003125,0.750000,0,0,0,,,NONE,0.000000,0.000000,4.600012,4.599988
3.936,FOLLOW_LANE,camera lane following,160.500,0.003125,0.750000,0,0,0,,,NONE,0.000000,0.000000,4.600012,4.599988
3.968,FOLLOW_LANE,camera lane following,160.500,0.003125,0.750000,0,0,0,,,NONE,0.000000,0.000000,4.600012,4.599988
4.000,FOLLOW_LANE,camera lane following,160.500,0.003125,0.750000,0,0,0,,,NONE,0.000000,0.000000,4.600012,4.599988
4.032,FOLLOW_LANE,camera lane following,160.500,0.003125,0.750000,0,0,0,,,NONE,0.000000,0.000000,4.600012,4.599988
4.064,FOLLOW_LANE,camera lane following,160.500,0.003125,0.750000,0,0,0,,,NONE,0.000000,0.000000,4.600012,4.599988
4.096,FOLLOW_LANE,camera lane following,160.500,0.003125,0.750000,0,0,0,,,NONE,0.000000,0.000000,4.600012,4.599988
4.128,FOLLOW_LANE,camera lane following,160.500,0.003125,0.750000,0,0,0,,,NONE,0.000000,0.000000,4.600012,4.599988
4.160,FOLLOW_LANE,camera lane following,161.000,0.006250,0.750000,0,0,0,,,NONE,0.000000,0.000000,4.665641,4.534359
4.192,FOLLOW_LANE,camera lane following,160.500,0.003125,0.750000,0,0,0,,,NONE,0.000000,0.000000,4.584391,4.615609
4.224,FOLLOW_LANE,camera lane following,160.500,0.003125,0.750000,0,0,0,,,NONE,0.000000,0.000000,4.600016,4.599984
4.256,FOLLOW_LANE,camera lane following,160.500,0.003125,0.750000,0,0,0,,,NONE,0.000000,0.000000,4.600016,4.599984
4.288,FOLLOW_LANE,camera lane following,160.500,0.003125,0.750000,0,0,0,,,NONE,0.000000,0.000000,4.600016,4.599984
4.320,FOLLOW_LANE,camera lane following,161.000,0.006250,0.750000,0,0,0,,,NONE,0.000000,0.000000,4.665645,4.534355
4.352,FOLLOW_LANE,camera lane following,160.500,0.003125,0.750000,0,0,0,,,NONE,0.000000,0.000000,4.584395,4.615605
4.384,FOLLOW_LANE,camera lane following,160.500,0.003125,0.750000,0,0,0,,,NONE,0.000000,0.000000,4.600020,4.599980
4.416,FOLLOW_LANE,camera lane following,161.000,0.006250,0.750000,0,0,0,,,NONE,0.000000,0.000000,4.665649,4.534351
4.448,FOLLOW_LANE,camera lane following,160.500,0.003125,0.750000,0,0,0,,,NONE,0.000000,0.000000,4.584399,4.615601
4.480,FOLLOW_LANE,camera lane following,160.500,0.003125,0.750000,0,0,0,,,NONE,0.000000,0.000000,4.600024,4.599976
4.512,FOLLOW_LANE,camera lane following,161.000,0.006250,0.750000,0,0,0,,,NONE,0.000000,0.000000,4.665653,4.534347
4.544,FOLLOW_LANE,camera lane following,160.500,0.003125,0.750000,0,0,0,,,NONE,0.000000,0.000000,4.584403,4.615597
4.576,FOLLOW_LANE,camera lane following,161.000,0.006250,0.750000,0,0,0,,,NONE,0.000000,0.000000,4.665657,4.534343
4.608,FOLLOW_LANE,camera lane following,161.000,0.006250,0.750000,0,0,0,,,NONE,0.000000,0.000000,4.650036,4.549964
4.640,FOLLOW_LANE,camera lane following,160.500,0.003125,0.750000,0,0,0,,,NONE,0.000000,0.000000,4.584411,4.615589
4.672,FOLLOW_LANE,camera lane following,161.000,0.006250,0.750000,0,0,0,,,NONE,0.000000,0.000000,4.665665,4.534335
4.704,FOLLOW_LANE,camera lane following,160.500,0.003125,0.750000,0,0,0,,,NONE,0.000000,0.000000,4.584415,4.615585
4.736,FOLLOW_LANE,camera lane following,160.500,0.003125,0.750000,0,0,0,,,NONE,0.000000,0.000000,4.600040,4.599960
4.768,FOLLOW_LANE,camera lane following,160.500,0.003125,0.750000,0,0,0,,,NONE,0.000000,0.000000,4.600040,4.599960
4.800,FOLLOW_LANE,camera lane following,160.750,0.004687,0.750000,0,0,0,,,NONE,0.000000,0.000000,4.600040,4.599960
4.832,FOLLOW_LANE,camera lane following,161.000,0.006250,0.750000,0,0,0,,,NONE,0.000000,0.000000,4.665669,4.534331
4.864,FOLLOW_LANE,camera lane following,160.500,0.003125,0.750000,0,0,0,,,NONE,0.000000,0.000000,4.584419,4.615581
4.896,FOLLOW_LANE,camera lane following,160.500,0.003125,0.750000,0,0,0,,,NONE,0.000000,0.000000,4.600044,4.599956
4.928,FOLLOW_LANE,camera lane following,160.500,0.003125,0.750000,0,0,0,,,NONE,0.000000,0.000000,4.600044,4.599956
4.960,FOLLOW_LANE,camera lane following,160.500,0.003125,0.750000,0,0,0,,,NONE,0.000000,0.000000,4.600044,4.599956
4.992,FOLLOW_LANE,camera lane following,160.500,0.003125,0.750000,0,0,0,,,NONE,0.000000,0.000000,4.600044,4.599956
5.024,FOLLOW_LANE,camera lane following,160.500,0.003125,0.750000,0,0,0,,,NONE,0.000000,0.000000,4.600044,4.599956
5.056,FOLLOW_LANE,camera lane following,160.500,0.003125,0.750000,0,0,0,,,NONE,0.000000,0.000000,4.600044,4.599956
5.088,FOLLOW_LANE,camera lane following,160.500,0.003125,0.750000,0,0,0,,,NONE,0.000000,0.000000,4.600044,4.599956
5.120,FOLLOW_LANE,camera lane following,161.000,0.006250,0.750000,0,0,0,,,NONE,0.000000,0.000000,4.665673,4.534327
5.152,FOLLOW_LANE,camera lane following,161.000,0.006250,0.750000,0,0,0,,,NONE,0.000000,0.000000,4.650052,4.549948
5.184,FOLLOW_LANE,camera lane following,160.500,0.003125,0.750000,0,0,0,,,NONE,0.000000,0.000000,4.584427,4.615573
5.216,FOLLOW_LANE,camera lane following,160.500,0.003125,0.750000,0,0,0,,,NONE,0.000000,0.000000,4.600052,4.599948
5.248,FOLLOW_LANE,camera lane following,160.500,0.003125,0.750000,0,0,0,,,NONE,0.000000,0.000000,4.600052,4.599948
5.280,FOLLOW_LANE,camera lane following,160.500,0.003125,0.750000,0,0,0,,,NONE,0.000000,0.000000,4.600052,4.599948
5.312,FOLLOW_LANE,camera lane following,160.500,0.003125,0.750000,0,0,0,,,NONE,0.000000,0.000000,4.600052,4.599948
5.344,FOLLOW_LANE,camera lane following,160.500,0.003125,0.750000,0,0,0,,,NONE,0.000000,0.000000,4.600052,4.599948
5.376,FOLLOW_LANE,camera lane following,160.500,0.003125,0.750000,0,0,0,,,NONE,0.000000,0.000000,4.600052,4.599948
5.408,FOLLOW_LANE,camera lane following,160.500,0.003125,0.750000,0,0,0,,,NONE,0.000000,0.000000,4.600052,4.599948
5.440,FOLLOW_LANE,camera lane following,160.500,0.003125,0.750000,0,0,0,,,NONE,0.000000,0.000000,4.600052,4.599948
5.472,FOLLOW_LANE,camera lane following,160.500,0.003125,0.750000,0,0,0,,,NONE,0.000000,0.000000,4.600052,4.599948
5.504,FOLLOW_LANE,camera lane following,161.000,0.006250,0.750000,0,0,0,,,NONE,0.000000,0.000000,4.665681,4.534319
5.536,FOLLOW_LANE,camera lane following,160.500,0.003125,0.750000,0,0,0,,,NONE,0.000000,0.000000,4.584431,4.615569
5.568,FOLLOW_LANE,camera lane following,160.500,0.003125,0.750000,0,0,0,,,NONE,0.000000,0.000000,4.600056,4.599944
5.600,FOLLOW_LANE,camera lane following,160.500,0.003125,0.750000,0,0,0,,,NONE,0.000000,0.000000,4.600056,4.599944
5.632,FOLLOW_LANE,camera lane following,160.500,0.003125,0.750000,0,0,0,,,NONE,0.000000,0.000000,4.600056,4.599944
5.664,FOLLOW_LANE,camera lane following,160.500,0.003125,0.750000,0,0,0,,,NONE,0.000000,0.000000,4.600056,4.599944
5.696,FOLLOW_LANE,camera lane following,160.500,0.003125,0.750000,0,0,0,,,NONE,0.000000,0.000000,4.600056,4.599944
5.728,FOLLOW_LANE,camera lane following,160.500,0.003125,0.750000,0,0,0,,,NONE,0.000000,0.000000,4.600056,4.599944
5.760,FOLLOW_LANE,camera lane following,160.500,0.003125,0.750000,0,0,0,,,NONE,0.000000,0.000000,4.600056,4.599944
5.792,FOLLOW_LANE,camera lane following,160.500,0.003125,0.750000,0,0,0,,,NONE,0.000000,0.000000,4.600056,4.599944
5.824,FOLLOW_LANE,camera lane following,160.500,0.003125,0.750000,0,0,0,,,NONE,0.000000,0.000000,4.600056,4.599944
5.856,FOLLOW_LANE,camera lane following,160.500,0.003125,0.750000,0,0,0,,,NONE,0.000000,0.000000,4.600056,4.599944
5.888,FOLLOW_LANE,camera lane following,161.000,0.006250,0.750000,0,0,0,,,NONE,0.000000,0.000000,4.665685,4.534315
5.920,FOLLOW_LANE,camera lane following,160.500,0.003125,0.750000,0,0,0,,,NONE,0.000000,0.000000,4.584435,4.615565
5.952,FOLLOW_LANE,camera lane following,160.500,0.003125,0.750000,0,0,0,,,NONE,0.000000,0.000000,4.600060,4.599940
5.984,FOLLOW_LANE,camera lane following,160.500,0.003125,0.750000,0,0,0,,,NONE,0.000000,0.000000,4.600060,4.599940
6.016,FOLLOW_LANE,camera lane following,161.000,0.006250,0.750000,0,0,0,,,NONE,0.000000,0.000000,4.665689,4.534311
6.048,FOLLOW_LANE,camera lane following,161.000,0.006250,0.750000,0,0,0,,,NONE,0.000000,0.000000,4.650068,4.549932
6.080,FOLLOW_LANE,camera lane following,161.000,0.006250,0.750000,0,0,0,,,NONE,0.000000,0.000000,4.650072,4.549928
6.112,FOLLOW_LANE,camera lane following,161.000,0.006250,0.750000,0,0,0,,,NONE,0.000000,0.000000,4.650076,4.549924
6.144,FOLLOW_LANE,camera lane following,161.000,0.006250,0.750000,0,0,0,,,NONE,0.000000,0.000000,4.650080,4.549920
6.176,FOLLOW_LANE,camera lane following,161.000,0.006250,0.750000,0,0,0,,,NONE,0.000000,0.000000,4.650084,4.549916
6.208,FOLLOW_LANE,camera lane following,161.000,0.006250,0.750000,0,0,0,,,NONE,0.000000,0.000000,4.650088,4.549912
6.240,FOLLOW_LANE,camera lane following,161.000,0.006250,0.750000,0,0,0,,,NONE,0.000000,0.000000,4.650092,4.549908
6.272,FOLLOW_LANE,camera lane following,160.500,0.003125,0.750000,0,0,0,,,NONE,0.000000,0.000000,4.584467,4.615533
6.304,FOLLOW_LANE,camera lane following,160.000,0.000000,0.750000,0,0,0,,,NONE,0.000000,0.000000,4.600092,4.599908
6.336,FOLLOW_LANE,camera lane following,160.500,0.003125,0.750000,0,0,0,,,NONE,0.000000,0.000000,4.600092,4.599908
6.368,FOLLOW_LANE,camera lane following,160.000,0.000000,0.750000,0,0,0,,,NONE,0.000000,0.000000,4.600092,4.599908
6.400,FOLLOW_LANE,camera lane following,161.000,0.006250,0.750000,0,0,0,,,NONE,0.000000,0.000000,4.665721,4.534279
6.432,FOLLOW_LANE,camera lane following,160.500,0.003125,0.750000,0,0,0,,,NONE,0.000000,0.000000,4.584471,4.615529
6.464,FOLLOW_LANE,camera lane following,161.000,0.006250,0.750000,0,0,0,,,NONE,0.000000,0.000000,4.665725,4.534275
6.496,FOLLOW_LANE,camera lane following,161.000,0.006250,0.750000,0,0,0,,,NONE,0.000000,0.000000,4.650104,4.549896
6.528,FOLLOW_LANE,camera lane following,161.000,0.006250,0.750000,0,0,0,,,NONE,0.000000,0.000000,4.650108,4.549892
6.560,FOLLOW_LANE,camera lane following,160.500,0.003125,0.750000,0,0,0,,,NONE,0.000000,0.000000,4.584483,4.615517
6.592,FOLLOW_LANE,camera lane following,161.000,0.006250,0.750000,0,0,0,,,NONE,0.000000,0.000000,4.665737,4.534263
6.624,FOLLOW_LANE,camera lane following,160.250,0.001563,0.750000,0,0,0,,,NONE,0.000000,0.000000,4.584487,4.615513
6.656,FOLLOW_LANE,camera lane following,160.000,0.000000,0.750000,0,0,0,,,NONE,0.000000,0.000000,4.600112,4.599888
6.688,FOLLOW_LANE,camera lane following,160.250,0.001563,0.750000,0,0,0,,,NONE,0.000000,0.000000,4.600112,4.599888
6.720,FOLLOW_LANE,camera lane following,160.500,0.003125,0.750000,0,0,0,,,NONE,0.000000,0.000000,4.600112,4.599888
6.752,FOLLOW_LANE,camera lane following,160.500,0.003125,0.750000,0,0,0,,,NONE,0.000000,0.000000,4.600112,4.599888
6.784,FOLLOW_LANE,camera lane following,161.000,0.006250,0.750000,0,0,0,,,NONE,0.000000,0.000000,4.665741,4.534259
6.816,FOLLOW_LANE,camera lane following,160.500,0.003125,0.750000,0,0,0,,,NONE,0.000000,0.000000,4.584491,4.615509
6.848,FOLLOW_LANE,camera lane following,161.000,0.006250,0.750000,0,0,0,,,NONE,0.000000,0.000000,4.665745,4.534255
6.880,FOLLOW_LANE,camera lane following,160.500,0.003125,0.750000,0,0,0,,,NONE,0.000000,0.000000,4.584495,4.615505
6.912,FOLLOW_LANE,camera lane following,161.000,0.006250,0.750000,0,0,0,,,NONE,0.000000,0.000000,4.665749,4.534251
6.944,FOLLOW_LANE,camera lane following,161.000,0.006250,0.750000,0,0,0,,,NONE,0.000000,0.000000,4.650128,4.549872
6.976,FOLLOW_LANE,camera lane following,161.000,0.006250,0.750000,0,0,0,,,NONE,0.000000,0.000000,4.650132,4.549868
7.008,FOLLOW_LANE,camera lane following,160.750,0.004687,0.750000,0,0,0,,,NONE,0.000000,0.000000,4.584507,4.615493
7.040,FOLLOW_LANE,camera lane following,160.500,0.003125,0.750000,0,0,0,,,NONE,0.000000,0.000000,4.600132,4.599868
7.072,FOLLOW_LANE,camera lane following,160.500,0.003125,0.750000,0,0,0,,,NONE,0.000000,0.000000,4.600132,4.599868
7.104,FOLLOW_LANE,camera lane following,161.000,0.006250,0.750000,0,0,0,,,NONE,0.000000,0.000000,4.665761,4.534239
7.136,FOLLOW_LANE,camera lane following,160.000,0.000000,0.750000,0,0,0,,,NONE,0.000000,0.000000,4.584511,4.615489
7.168,FOLLOW_LANE,camera lane following,160.500,0.003125,0.750000,0,0,0,,,NONE,0.000000,0.000000,4.600136,4.599864
7.200,FOLLOW_LANE,camera lane following,160.500,0.003125,0.750000,0,0,0,,,NONE,0.000000,0.000000,4.600136,4.599864
7.232,FOLLOW_LANE,camera lane following,160.500,0.003125,0.750000,0,0,0,,,NONE,0.000000,0.000000,4.600136,4.599864
7.264,FOLLOW_LANE,camera lane following,160.500,0.003125,0.750000,0,0,0,,,NONE,0.000000,0.000000,4.600136,4.599864
7.296,FOLLOW_LANE,camera lane following,160.500,0.003125,0.750000,0,0,0,,,NONE,0.000000,0.000000,4.600136,4.599864
7.328,FOLLOW_LANE,camera lane following,160.500,0.003125,0.750000,0,0,0,,,NONE,0.000000,0.000000,4.600136,4.599864
7.360,FOLLOW_LANE,camera lane following,160.500,0.003125,0.750000,0,0,0,,,NONE,0.000000,0.000000,4.600136,4.599864
7.392,FOLLOW_LANE,camera lane following,160.500,0.003125,0.750000,0,0,0,,,NONE,0.000000,0.000000,4.600136,4.599864
7.424,FOLLOW_LANE,camera lane following,160.500,0.003125,0.750000,0,0,0,,,NONE,0.000000,0.000000,4.600136,4.599864
7.456,FOLLOW_LANE,camera lane following,160.500,0.003125,0.750000,0,0,0,,,NONE,0.000000,0.000000,4.600136,4.599864
7.488,FOLLOW_LANE,camera lane following,160.500,0.003125,0.750000,0,0,0,,,NONE,0.000000,0.000000,4.600136,4.599864
7.520,FOLLOW_LANE,camera lane following,160.500,0.003125,0.750000,0,0,0,,,NONE,0.000000,0.000000,4.600136,4.599864
7.552,FOLLOW_LANE,camera lane following,160.500,0.003125,0.750000,0,0,0,,,NONE,0.000000,0.000000,4.600136,4.599864
7.584,FOLLOW_LANE,camera lane following,160.500,0.003125,0.750000,0,0,0,,,NONE,0.000000,0.000000,4.600136,4.599864
7.616,FOLLOW_LANE,camera lane following,160.500,0.003125,0.750000,0,0,0,,,NONE,0.000000,0.000000,4.600136,4.599864
7.648,FOLLOW_LANE,camera lane following,160.500,0.003125,0.750000,0,0,0,,,NONE,0.000000,0.000000,4.600136,4.599864
7.680,FOLLOW_LANE,camera lane following,160.500,0.003125,0.750000,0,0,0,,,NONE,0.000000,0.000000,4.600136,4.599864
7.712,FOLLOW_LANE,camera lane following,160.500,0.003125,0.750000,0,0,0,,,NONE,0.000000,0.000000,4.600136,4.599864
7.744,FOLLOW_LANE,camera lane following,160.000,0.000000,0.750000,0,0,0,,,NONE,0.000000,0.000000,4.600136,4.599864
7.776,FOLLOW_LANE,camera lane following,160.000,0.000000,0.750000,0,0,0,,,NONE,0.000000,0.000000,4.600136,4.599864
7.808,FOLLOW_LANE,camera lane following,159.500,-0.003125,0.750000,0,0,0,,,NONE,0.000000,0.000000,4.600136,4.599864
7.840,FOLLOW_LANE,camera lane following,159.500,-0.003125,0.750000,0,0,0,,,NONE,0.000000,0.000000,4.600136,4.599864
7.872,FOLLOW_LANE,camera lane following,159.000,-0.006250,0.750000,0,0,0,,,NONE,0.000000,0.000000,4.534507,4.665493
7.904,FOLLOW_LANE,camera lane following,158.500,-0.009375,0.750000,0,0,0,,,NONE,0.000000,0.000000,4.517313,4.682686
7.936,FOLLOW_LANE,camera lane following,158.000,-0.012500,0.750000,0,0,0,,,NONE,0.000000,0.000000,4.492305,4.707694
7.968,FOLLOW_LANE,camera lane following,158.000,-0.012500,0.750000,0,0,0,,,NONE,0.000000,0.000000,4.500110,4.699890
8.000,FOLLOW_LANE,camera lane following,158.500,-0.009375,0.750000,0,0,0,,,NONE,0.000000,0.000000,4.532916,4.667083
8.032,FOLLOW_LANE,camera lane following,158.000,-0.012500,0.750000,0,0,0,,,NONE,0.000000,0.000000,4.492283,4.707717
8.064,FOLLOW_LANE,camera lane following,158.000,-0.012500,0.750000,0,0,0,,,NONE,0.000000,0.000000,4.500088,4.699912
8.096,FOLLOW_LANE,camera lane following,158.000,-0.012500,0.750000,0,0,0,,,NONE,0.000000,0.000000,4.500080,4.699920
8.128,FOLLOW_LANE,camera lane following,158.000,-0.012500,0.750000,0,0,0,,,NONE,0.000000,0.000000,4.500072,4.699928
8.160,FOLLOW_LANE,camera lane following,158.000,-0.012500,0.750000,0,0,0,,,NONE,0.000000,0.000000,4.500064,4.699936
8.192,FOLLOW_LANE,camera lane following,158.000,-0.012500,0.750000,0,0,0,,,NONE,0.000000,0.000000,4.500056,4.699944
8.224,FOLLOW_LANE,camera lane following,158.500,-0.009375,0.750000,0,0,0,,,NONE,0.000000,0.000000,4.532862,4.667137
8.256,FOLLOW_LANE,camera lane following,158.500,-0.009375,0.750000,0,0,0,,,NONE,0.000000,0.000000,4.525044,4.674956
8.288,FOLLOW_LANE,camera lane following,158.500,-0.009375,0.750000,0,0,0,,,NONE,0.000000,0.000000,4.525038,4.674962
8.320,FOLLOW_LANE,camera lane following,159.000,-0.006250,0.750000,0,0,0,,,NONE,0.000000,0.000000,4.557846,4.642154
8.352,FOLLOW_LANE,camera lane following,159.000,-0.006250,0.750000,0,0,0,,,NONE,0.000000,0.000000,4.550030,4.649970
8.384,FOLLOW_LANE,camera lane following,159.000,-0.006250,0.750000,0,0,0,,,NONE,0.000000,0.000000,4.550026,4.649974
8.416,FOLLOW_LANE,camera lane following,159.000,-0.006250,0.750000,0,0,0,,,NONE,0.000000,0.000000,4.550022,4.649978
8.448,FOLLOW_LANE,camera lane following,159.500,-0.003125,0.750000,0,0,0,,,NONE,0.000000,0.000000,4.615647,4.584353
8.480,FOLLOW_LANE,camera lane following,159.500,-0.003125,0.750000,0,0,0,,,NONE,0.000000,0.000000,4.600022,4.599978
8.512,FOLLOW_LANE,camera lane following,159.500,-0.003125,0.750000,0,0,0,,,NONE,0.000000,0.000000,4.600022,4.599978
8.544,FOLLOW_LANE,camera lane following,159.500,-0.003125,0.750000,0,0,0,,,NONE,0.000000,0.000000,4.600022,4.599978
8.576,FOLLOW_LANE,camera lane following,159.000,-0.006250,0.750000,0,0,0,,,NONE,0.000000,0.000000,4.534393,4.665607
8.608,FOLLOW_LANE,camera lane following,159.500,-0.003125,0.750000,0,0,0,,,NONE,0.000000,0.000000,4.615643,4.584357
8.640,FOLLOW_LANE,camera lane following,159.000,-0.006250,0.750000,0,0,0,,,NONE,0.000000,0.000000,4.534389,4.665611
8.672,FOLLOW_LANE,camera lane following,159.500,-0.003125,0.750000,0,0,0,,,NONE,0.000000,0.000000,4.615639,4.584361
8.704,FOLLOW_LANE,camera lane following,159.000,-0.006250,0.750000,0,0,0,,,NONE,0.000000,0.000000,4.534385,4.665615
8.736,FOLLOW_LANE,camera lane following,159.500,-0.003125,0.750000,0,0,0,,,NONE,0.000000,0.000000,4.615635,4.584365
8.768,FOLLOW_LANE,camera lane following,159.000,-0.006250,0.750000,0,0,0,,,NONE,0.000000,0.000000,4.534381,4.665619
8.800,FOLLOW_LANE,camera lane following,159.000,-0.006250,0.750000,0,0,0,,,NONE,0.000000,0.000000,4.550002,4.649998
8.832,FOLLOW_LANE,camera lane following,159.000,-0.006250,0.750000,0,0,0,,,NONE,0.000000,0.000000,4.549998,4.650002
8.864,FOLLOW_LANE,camera lane following,159.000,-0.006250,0.750000,0,0,0,,,NONE,0.000000,0.000000,4.549994,4.650006
8.896,FOLLOW_LANE,camera lane following,159.000,-0.006250,0.750000,0,0,0,,,NONE,0.000000,0.000000,4.549990,4.650010
8.928,FOLLOW_LANE,camera lane following,159.500,-0.003125,0.750000,0,0,0,,,NONE,0.000000,0.000000,4.615615,4.584385
8.960,FOLLOW_LANE,camera lane following,159.500,-0.003125,0.750000,0,0,0,,,NONE,0.000000,0.000000,4.599990,4.600010
8.992,FOLLOW_LANE,camera lane following,159.500,-0.003125,0.750000,0,0,0,,,NONE,0.000000,0.000000,4.599990,4.600010
9.024,FOLLOW_LANE,camera lane following,159.500,-0.003125,0.750000,0,0,0,,,NONE,0.000000,0.000000,4.599990,4.600010
9.056,FOLLOW_LANE,camera lane following,159.500,-0.003125,0.750000,0,0,0,,,NONE,0.000000,0.000000,4.599990,4.600010
9.088,FOLLOW_LANE,camera lane following,159.500,-0.003125,0.750000,0,0,0,,,NONE,0.000000,0.000000,4.599990,4.600010
9.120,FOLLOW_LANE,camera lane following,159.500,-0.003125,0.750000,0,0,0,,,NONE,0.000000,0.000000,4.599990,4.600010
9.152,FOLLOW_LANE,camera lane following,160.000,0.000000,0.750000,0,0,0,,,NONE,0.000000,0.000000,4.599990,4.600010
9.184,FOLLOW_LANE,camera lane following,160.000,0.000000,0.750000,0,0,0,,,NONE,0.000000,0.000000,4.599990,4.600010
9.216,FOLLOW_LANE,camera lane following,160.000,0.000000,0.750000,0,0,0,,,NONE,0.000000,0.000000,4.599990,4.600010
9.248,FOLLOW_LANE,camera lane following,159.500,-0.003125,0.750000,0,0,0,,,NONE,0.000000,0.000000,4.599990,4.600010
9.280,FOLLOW_LANE,camera lane following,160.000,0.000000,0.750000,0,0,0,,,NONE,0.000000,0.000000,4.599990,4.600010
9.312,FOLLOW_LANE,camera lane following,160.000,0.000000,0.750000,0,0,0,,,NONE,0.000000,0.000000,4.599990,4.600010
9.344,FOLLOW_LANE,camera lane following,159.500,-0.003125,0.750000,0,0,0,,,NONE,0.000000,0.000000,4.599990,4.600010
9.376,FOLLOW_LANE,camera lane following,159.500,-0.003125,0.750000,0,0,0,,,NONE,0.000000,0.000000,4.599990,4.600010
9.408,FOLLOW_LANE,camera lane following,159.000,-0.006250,0.750000,0,0,0,,,NONE,0.000000,0.000000,4.534361,4.665639
9.440,FOLLOW_LANE,camera lane following,159.000,-0.006250,0.750000,0,0,0,,,NONE,0.000000,0.000000,4.549982,4.650018
9.472,FOLLOW_LANE,camera lane following,159.000,-0.006250,0.750000,0,0,0,,,NONE,0.000000,0.000000,4.549978,4.650022
9.504,FOLLOW_LANE,camera lane following,159.000,-0.006250,0.750000,0,0,0,,,NONE,0.000000,0.000000,4.549974,4.650026
9.536,FOLLOW_LANE,camera lane following,159.000,-0.006250,0.750000,0,0,0,,,NONE,0.000000,0.000000,4.549970,4.650030
9.568,FOLLOW_LANE,camera lane following,159.000,-0.006250,0.750000,0,0,0,,,NONE,0.000000,0.000000,4.549966,4.650034
9.600,FOLLOW_LANE,camera lane following,158.500,-0.009375,0.750000,0,0,0,,,NONE,0.000000,0.000000,4.517148,4.682852
9.632,FOLLOW_LANE,camera lane following,158.500,-0.009375,0.750000,0,0,0,,,NONE,0.000000,0.000000,4.524954,4.675046
