run_id,time_s,robot_x,robot_y,lane_error_m,checkpoint_count,static_clearance_m,moving_clearance_m,collision_count,moving_started,moving_cleared,finished
lane_straight_bright_baseline_r01_s10001,0.032,-0.460000,-0.450000,0.000000,0,14.785604,14.785604,0,0,0,0
lane_straight_bright_baseline_r01_s10001,0.064,-0.456801,-0.450000,0.000000,0,14.783342,14.783342,0,0,0,0
lane_straight_bright_baseline_r01_s10001,0.096,-0.453600,-0.450000,0.000000,0,14.781078,14.781078,0,0,0,0
lane_straight_bright_baseline_r01_s10001,0.128,-0.450400,-0.450000,0.000000,0,14.778815,14.778815,0,0,0,0
lane_straight_bright_baseline_r01_s10001,0.160,-0.447200,-0.450000,0.000000,0,14.776552,14.776552,0,0,0,0
lane_straight_bright_baseline_r01_s10001,0.192,-0.444000,-0.450000,0.000000,0,14.774290,14.774290,0,0,0,0
lane_straight_bright_baseline_r01_s10001,0.224,-0.440800,-0.450000,0.000000,0,14.772028,14.772028,0,0,0,0
lane_straight_bright_baseline_r01_s10001,0.256,-0.437600,-0.450000,0.000000,0,14.769766,14.769766,0,0,0,0
lane_straight_bright_baseline_r01_s10001,0.288,-0.434400,-0.450000,0.000000,0,14.767505,14.767505,0,0,0,0
lane_straight_bright_baseline_r01_s10001,0.320,-0.431200,-0.450000,0.000000,0,14.765244,14.765244,0,0,0,0
lane_straight_bright_baseline_r01_s10001,0.352,-0.428000,-0.450000,0.000000,0,14.762984,14.762984,0,0,0,0
lane_straight_bright_baseline_r01_s10001,0.384,-0.424800,-0.450000,0.000000,0,14.760724,14.760724,0,0,0,0
lane_straight_bright_baseline_r01_s10001,0.416,-0.421600,-0.450000,0.000000,0,14.758464,14.758464,0,0,0,0
lane_straight_bright_baseline_r01_s10001,0.448,-0.418400,-0.450000,0.000000,0,14.756204,14.756204,0,0,0,0
lane_straight_bright_baseline_r01_s10001,0.480,-0.415200,-0.450000,0.000000,0,14.753945,14.753945,0,0,0,0
lane_straight_bright_baseline_r01_s10001,0.512,-0.412000,-0.450000,0.000000,0,14.751686,14.751686,0,0,0,0
lane_straight_bright_baseline_r01_s10001,0.544,-0.408800,-0.450000,0.000000,0,14.749428,14.749428,0,0,0,0
lane_straight_bright_baseline_r01_s10001,0.576,-0.405600,-0.450000,0.000000,0,14.747170,14.747170,0,0,0,0
lane_straight_bright_baseline_r01_s10001,0.608,-0.402400,-0.450000,0.000000,0,14.744912,14.744912,0,0,0,0
lane_straight_bright_baseline_r01_s10001,0.640,-0.399200,-0.450000,0.000000,0,14.742655,14.742655,0,0,0,0
lane_straight_bright_baseline_r01_s10001,0.672,-0.396000,-0.450000,0.000000,0,14.740398,14.740398,0,0,0,0
lane_straight_bright_baseline_r01_s10001,0.704,-0.392800,-0.450000,0.000000,0,14.738141,14.738141,0,0,0,0
lane_straight_bright_baseline_r01_s10001,0.736,-0.389600,-0.450000,0.000000,0,14.735885,14.735885,0,0,0,0
lane_straight_bright_baseline_r01_s10001,0.768,-0.386400,-0.450000,0.000000,0,14.733629,14.733629,0,0,0,0
lane_straight_bright_baseline_r01_s10001,0.800,-0.383200,-0.450000,0.000000,0,14.731373,14.731373,0,0,0,0
lane_straight_bright_baseline_r01_s10001,0.832,-0.380000,-0.450000,0.000000,0,14.729118,14.729118,0,0,0,0
lane_straight_bright_baseline_r01_s10001,0.864,-0.376800,-0.450000,0.000000,0,14.726863,14.726863,0,0,0,0
lane_straight_bright_baseline_r01_s10001,0.896,-0.373600,-0.450000,0.000000,0,14.724608,14.724608,0,0,0,0
lane_straight_bright_baseline_r01_s10001,0.928,-0.370400,-0.450000,0.000000,0,14.722354,14.722354,0,0,0,0
lane_straight_bright_baseline_r01_s10001,0.960,-0.367200,-0.450000,0.000000,0,14.720100,14.720100,0,0,0,0
lane_straight_bright_baseline_r01_s10001,0.992,-0.364000,-0.450000,0.000000,0,14.717846,14.717846,0,0,0,0
lane_straight_bright_baseline_r01_s10001,1.024,-0.360800,-0.450000,0.000000,0,14.715593,14.715593,0,0,0,0
lane_straight_bright_baseline_r01_s10001,1.056,-0.357600,-0.450000,0.000000,0,14.713340,14.713340,0,0,0,0
lane_straight_bright_baseline_r01_s10001,1.088,-0.354400,-0.450000,0.000000,0,14.711088,14.711088,0,0,0,0
lane_straight_bright_baseline_r01_s10001,1.120,-0.351200,-0.450000,0.000000,0,14.708836,14.708836,0,0,0,0
lane_straight_bright_baseline_r01_s10001,1.152,-0.348000,-0.450000,0.000000,0,14.706584,14.706584,0,0,0,0
lane_straight_bright_baseline_r01_s10001,1.184,-0.344800,-0.450000,0.000000,0,14.704332,14.704332,0,0,0,0
lane_straight_bright_baseline_r01_s10001,1.216,-0.341600,-0.450000,0.000000,0,14.702081,14.702081,0,0,0,0
lane_straight_bright_baseline_r01_s10001,1.248,-0.338400,-0.450000,0.000000,0,14.699831,14.699831,0,0,0,0
lane_straight_bright_baseline_r01_s10001,1.280,-0.335200,-0.450000,0.000000,0,14.697580,14.697580,0,0,0,0
lane_straight_bright_baseline_r01_s10001,1.312,-0.332000,-0.450000,0.000000,0,14.695330,14.695330,0,0,0,0
lane_straight_bright_baseline_r01_s10001,1.344,-0.328800,-0.450000,0.000000,0,14.693081,14.693081,0,0,0,0
lane_straight_bright_baseline_r01_s10001,1.376,-0.325600,-0.450000,0.000000,0,14.690831,14.690831,0,0,0,0
lane_straight_bright_baseline_r01_s10001,1.408,-0.322400,-0.450000,0.000000,0,14.688582,14.688582,0,0,0,0
lane_straight_bright_baseline_r01_s10001,1.440,-0.319200,-0.450000,0.000000,0,14.686334,14.686334,0,0,0,0
lane_straight_bright_baseline_r01_s10001,1.472,-0.316000,-0.450000,0.000000,0,14.684085,14.684085,0,0,0,0
lane_straight_bright_baseline_r01_s10001,1.504,-0.312800,-0.450000,0.000000,0,14.681837,14.681837,0,0,0,0
lane_straight_bright_baseline_r01_s10001,1.536,-0.309600,-0.450000,0.000000,0,14.679590,14.679590,0,0,0,0
lane_straight_bright_baseline_r01_s10001,1.568,-0.306400,-0.450000,0.000000,0,14.677343,14.677343,0,0,0,0
lane_straight_bright_baseline_r01_s10001,1.600,-0.303200,-0.450000,0.000000,0,14.675096,14.675096,0,0,0,0
lane_straight_bright_baseline_r01_s10001,1.632,-0.300000,-0.450000,0.000000,0,14.672849,14.672849,0,0,0,0
lane_straight_bright_baseline_r01_s10001,1.664,-0.296800,-0.450000,0.000000,0,14.670603,14.670603,0,0,0,0
lane_straight_bright_baseline_r01_s10001,1.696,-0.293600,-0.450000,0.000000,0,14.668357,14.668357,0,0,0,0
lane_straight_bright_baseline_r01_s10001,1.728,-0.290400,-0.450000,0.000000,0,14.666112,14.666112,0,0,0,0
lane_straight_bright_baseline_r01_s10001,1.760,-0.287200,-0.450000,0.000000,0,14.663867,14.663867,0,0,0,0
lane_straight_bright_baseline_r01_s10001,1.792,-0.284000,-0.450000,0.000000,0,14.661622,14.661622,0,0,0,0
lane_straight_bright_baseline_r01_s10001,1.824,-0.280800,-0.450000,0.000000,0,14.659378,14.659378,0,0,0,0
lane_straight_bright_baseline_r01_s10001,1.856,-0.277600,-0.450000,0.000000,1,14.657134,14.657134,0,0,0,0
lane_straight_bright_baseline_r01_s10001,1.888,-0.274400,-0.450000,0.000000,1,14.654890,14.654890,0,0,0,0
lane_straight_bright_baseline_r01_s10001,1.920,-0.271200,-0.450000,0.000000,1,14.652647,14.652647,0,0,0,0
lane_straight_bright_baseline_r01_s10001,1.952,-0.268000,-0.450000,0.000000,1,14.650404,14.650404,0,0,0,0
lane_straight_bright_baseline_r01_s10001,1.984,-0.264800,-0.450000,0.000000,1,14.648161,14.648161,0,0,0,0
lane_straight_bright_baseline_r01_s10001,2.016,-0.261600,-0.450000,0.000000,1,14.645919,14.645919,0,0,0,0
lane_straight_bright_baseline_r01_s10001,2.048,-0.258400,-0.450000,0.000000,1,14.643677,14.643677,0,0,0,0
lane_straight_bright_baseline_r01_s10001,2.080,-0.255200,-0.450000,0.000000,1,14.641436,14.641436,0,0,0,0
lane_straight_bright_baseline_r01_s10001,2.112,-0.252000,-0.450000,0.000000,1,14.639194,14.639194,0,0,0,0
lane_straight_bright_baseline_r01_s10001,2.144,-0.248800,-0.450000,0.000000,1,14.636954,14.636954,0,0,0,0
lane_straight_bright_baseline_r01_s10001,2.176,-0.245600,-0.450000,0.000000,1,14.634713,14.634713,0,0,0,0
lane_straight_bright_baseline_r01_s10001,2.208,-0.242400,-0.450000,0.000000,1,14.632473,14.632473,0,0,0,0
lane_straight_bright_baseline_r01_s10001,2.240,-0.239200,-0.450000,0.000000,1,14.630233,14.630233,0,0,0,0
lane_straight_bright_baseline_r01_s10001,2.272,-0.236000,-0.450000,0.000000,1,14.627994,14.627994,0,0,0,0
lane_straight_bright_baseline_r01_s10001,2.304,-0.232800,-0.450000,0.000000,1,14.625755,14.625755,0,0,0,0
lane_straight_bright_baseline_r01_s10001,2.336,-0.229600,-0.450000,0.000000,1,14.623516,14.623516,0,0,0,0
lane_straight_bright_baseline_r01_s10001,2.368,-0.226400,-0.450000,0.000000,1,14.621278,14.621278,0,0,0,0
lane_straight_bright_baseline_r01_s10001,2.400,-0.223200,-0.450000,0.000000,1,14.619040,14.619040,0,0,0,0
lane_straight_bright_baseline_r01_s10001,2.432,-0.220000,-0.450000,0.000000,1,14.616802,14.616802,0,0,0,0
lane_straight_bright_baseline_r01_s10001,2.464,-0.216800,-0.450000,0.000000,1,14.614565,14.614565,0,0,0,0
lane_straight_bright_baseline_r01_s10001,2.496,-0.213600,-0.450000,0.000000,1,14.612328,14.612328,0,0,0,0
lane_straight_bright_baseline_r01_s10001,2.528,-0.210400,-0.450000,0.000000,1,14.610092,14.610092,0,0,0,0
lane_straight_bright_baseline_r01_s10001,2.560,-0.207200,-0.450000,0.000000,1,14.607855,14.607855,0,0,0,0
lane_straight_bright_baseline_r01_s10001,2.592,-0.204000,-0.450000,0.000000,1,14.605620,14.605620,0,0,0,0
lane_straight_bright_baseline_r01_s10001,2.624,-0.200800,-0.450000,0.000000,1,14.603384,14.603384,0,0,0,0
lane_straight_bright_baseline_r01_s10001,2.656,-0.197600,-0.450000,0.000000,1,14.601149,14.601149,0,0,0,0
lane_straight_bright_baseline_r01_s10001,2.688,-0.194400,-0.450000,0.000000,1,14.598914,14.598914,0,0,0,0
lane_straight_bright_baseline_r01_s10001,2.720,-0.191200,-0.450000,0.000000,1,14.596680,14.596680,0,0,0,0
lane_straight_bright_baseline_r01_s10001,2.752,-0.188000,-0.450000,0.000000,1,14.594446,14.594446,0,0,0,0
lane_straight_bright_baseline_r01_s10001,2.784,-0.184800,-0.450000,0.000000,1,14.592212,14.592212,0,0,0,0
lane_straight_bright_baseline_r01_s10001,2.816,-0.181600,-0.450000,0.000000,1,14.589979,14.589979,0,0,0,0
lane_straight_bright_baseline_r01_s10001,2.848,-0.178400,-0.450000,0.000000,1,14.587746,14.587746,0,0,0,0
lane_straight_bright_baseline_r01_s10001,2.880,-0.175200,-0.450000,0.000000,1,14.585513,14.585513,0,0,0,0
lane_straight_bright_baseline_r01_s10001,2.912,-0.172000,-0.450000,0.000000,1,14.583281,14.583281,0,0,0,0
lane_straight_bright_baseline_r01_s10001,2.944,-0.168800,-0.450000,0.000000,1,14.581049,14.581049,0,0,0,0
lane_straight_bright_baseline_r01_s10001,2.976,-0.165600,-0.450000,0.000000,1,14.578818,14.578818,0,0,0,0
lane_straight_bright_baseline_r01_s10001,3.008,-0.162400,-0.450000,0.000000,1,14.576587,14.576587,0,0,0,0
lane_straight_bright_baseline_r01_s10001,3.040,-0.159200,-0.450000,0.000000,1,14.574356,14.574356,0,0,0,0
lane_straight_bright_baseline_r01_s10001,3.072,-0.156000,-0.450000,0.000000,1,14.572126,14.572126,0,0,0,0
lane_straight_bright_baseline_r01_s10001,3.104,-0.152800,-0.450000,0.000000,1,14.569896,14.569896,0,0,0,0
lane_straight_bright_baseline_r01_s10001,3.136,-0.149600,-0.450000,0.000000,1,14.567666,14.567666,0,0,0,0
lane_straight_bright_baseline_r01_s10001,3.168,-0.146400,-0.450000,0.000000,1,14.565436,14.565436,0,0,0,0
lane_straight_bright_baseline_r01_s10001,3.200,-0.143200,-0.450000,0.000000,1,14.563208,14.563208,0,0,0,0
lane_straight_bright_baseline_r01_s10001,3.232,-0.140000,-0.450000,0.000000,1,14.560979,14.560979,0,0,0,0
lane_straight_bright_baseline_r01_s10001,3.264,-0.136800,-0.450000,0.000000,1,14.558751,14.558751,0,0,0,0
lane_straight_bright_baseline_r01_s10001,3.296,-0.133600,-0.450000,0.000000,1,14.556523,14.556523,0,0,0,0
lane_straight_bright_baseline_r01_s10001,3.328,-0.130400,-0.450000,0.000000,1,14.554295,14.554295,0,0,0,0
lane_straight_bright_baseline_r01_s10001,3.360,-0.127200,-0.450000,0.000000,1,14.552068,14.552068,0,0,0,0
lane_straight_bright_baseline_r01_s10001,3.392,-0.124000,-0.450000,0.000000,1,14.549841,14.549841,0,0,0,0
lane_straight_bright_baseline_r01_s10001,3.424,-0.120800,-0.450000,0.000000,1,14.547615,14.547615,0,0,0,0
lane_straight_bright_baseline_r01_s10001,3.456,-0.117600,-0.450000,0.000000,1,14.545389,14.545389,0,0,0,0
lane_straight_bright_baseline_r01_s10001,3.488,-0.114400,-0.450000,0.000000,1,14.543163,14.543163,0,0,0,0
lane_straight_bright_baseline_r01_s10001,3.520,-0.111200,-0.450000,0.000000,1,14.540938,14.540938,0,0,0,0
lane_straight_bright_baseline_r01_s10001,3.552,-0.108000,-0.450000,0.000000,1,14.538713,14.538713,0,0,0,0
lane_straight_bright_baseline_r01_s10001,3.584,-0.104800,-0.450000,0.000000,1,14.536488,14.536488,0,0,0,0
lane_straight_bright_baseline_r01_s10001,3.616,-0.101600,-0.450000,0.000000,1,14.534264,14.534264,0,0,0,0
lane_straight_bright_baseline_r01_s10001,3.648,-0.098400,-0.450000,0.000000,1,14.532040,14.532040,0,0,0,0
lane_straight_bright_baseline_r01_s10001,3.680,-0.095200,-0.450000,0.000000,1,14.529817,14.529817,0,0,0,0
lane_straight_bright_baseline_r01_s10001,3.712,-0.092000,-0.450000,0.000000,1,14.527593,14.527593,0,0,0,0
lane_straight_bright_baseline_r01_s10001,3.744,-0.088800,-0.450000,0.000000,1,14.525371,14.525371,0,0,0,0
lane_straight_bright_baseline_r01_s10001,3.776,-0.085600,-0.450000,0.000000,1,14.523148,14.523148,0,0,0,0
lane_straight_bright_baseline_r01_s10001,3.808,-0.082400,-0.450000,0.000000,1,14.520926,14.520926,0,0,0,0
lane_straight_bright_baseline_r01_s10001,3.840,-0.079200,-0.450000,0.000000,1,14.518704,14.518704,0,0,0,0
lane_straight_bright_baseline_r01_s10001,3.872,-0.076000,-0.450000,0.000000,1,14.516483,14.516483,0,0,0,0
lane_straight_bright_baseline_r01_s10001,3.904,-0.072800,-0.450000,0.000000,1,14.514262,14.514262,0,0,0,0
lane_straight_bright_baseline_r01_s10001,3.936,-0.069600,-0.450000,0.000000,1,14.512042,14.512042,0,0,0,0
lane_straight_bright_baseline_r01_s10001,3.968,-0.066400,-0.450000,0.000000,1,14.509821,14.509821,0,0,0,0
lane_straight_bright_baseline_r01_s10001,4.000,-0.063200,-0.450000,0.000000,1,14.507602,14.507602,0,0,0,0
lane_straight_bright_baseline_r01_s10001,4.032,-0.060000,-0.450000,0.000000,1,14.505382,14.505382,0,0,0,0
lane_straight_bright_baseline_r01_s10001,4.064,-0.056800,-0.450000,0.000000,1,14.503163,14.503163,0,0,0,0
lane_straight_bright_baseline_r01_s10001,4.096,-0.053600,-0.450000,0.000000,1,14.500944,14.500944,0,0,0,0
lane_straight_bright_baseline_r01_s10001,4.128,-0.050400,-0.450000,0.000000,1,14.498726,14.498726,0,0,0,0
lane_straight_bright_baseline_r01_s10001,4.160,-0.047200,-0.450000,0.000000,1,14.496508,14.496508,0,0,0,0
lane_straight_bright_baseline_r01_s10001,4.192,-0.044000,-0.450000,0.000000,1,14.494290,14.494290,0,0,0,0
lane_straight_bright_baseline_r01_s10001,4.224,-0.040800,-0.450000,0.000000,1,14.492073,14.492073,0,0,0,0
lane_straight_bright_baseline_r01_s10001,4.256,-0.037600,-0.450000,0.000000,1,14.489856,14.489856,0,0,0,0
lane_straight_bright_baseline_r01_s10001,4.288,-0.034400,-0.450000,0.000000,1,14.487639,14.487639,0,0,0,0
lane_straight_bright_baseline_r01_s10001,4.320,-0.031200,-0.450000,0.000000,1,14.485423,14.485423,0,0,0,0
lane_straight_bright_baseline_r01_s10001,4.352,-0.028000,-0.450000,0.000000,1,14.483207,14.483207,0,0,0,0
lane_straight_bright_baseline_r01_s10001,4.384,-0.024800,-0.450000,0.000000,1,14.480992,14.480992,0,0,0,0
lane_straight_bright_baseline_r01_s10001,4.416,-0.021600,-0.450000,0.000000,1,14.478777,14.478777,0,0,0,0
lane_straight_bright_baseline_r01_s10001,4.448,-0.018400,-0.450000,0.000000,1,14.476562,14.476562,0,0,0,0
lane_straight_bright_baseline_r01_s10001,4.480,-0.015200,-0.450000,0.000000,1,14.474348,14.474348,0,0,0,0
lane_straight_bright_baseline_r01_s10001,4.512,-0.012000,-0.450000,0.000000,1,14.472134,14.472134,0,0,0,0
lane_straight_bright_baseline_r01_s10001,4.544,-0.008800,-0.450000,0.000000,1,14.469920,14.469920,0,0,0,0
lane_straight_bright_baseline_r01_s10001,4.576,-0.005600,-0.450000,0.000000,1,14.467707,14.467707,0,0,0,0
lane_straight_bright_baseline_r01_s10001,4.608,-0.002400,-0.450000,0.000000,1,14.465494,14.465494,0,0,0,0
lane_straight_bright_baseline_r01_s10001,4.640,0.000800,-0.450000,0.000000,1,14.463281,14.463281,0,0,0,0
lane_straight_bright_baseline_r01_s10001,4.672,0.004000,-0.450000,0.000000,1,14.461069,14.461069,0,0,0,0
lane_straight_bright_baseline_r01_s10001,4.704,0.007200,-0.450000,0.000000,1,14.458857,14.458857,0,0,0,0
lane_straight_bright_baseline_r01_s10001,4.736,0.010400,-0.450000,0.000000,1,14.456646,14.456646,0,0,0,0
lane_straight_bright_baseline_r01_s10001,4.768,0.013600,-0.450000,0.000000,1,14.454435,14.454435,0,0,0,0
lane_straight_bright_baseline_r01_s10001,4.800,0.016800,-0.450000,0.000000,1,14.452224,14.452224,0,0,0,0
lane_straight_bright_baseline_r01_s10001,4.832,0.020000,-0.450000,0.000000,1,14.450014,14.450014,0,0,0,0
lane_straight_bright_baseline_r01_s10001,4.864,0.023200,-0.450000,0.000000,1,14.447804,14.447804,0,0,0,0
lane_straight_bright_baseline_r01_s10001,4.896,0.026400,-0.450000,0.000000,1,14.445595,14.445595,0,0,0,0
lane_straight_bright_baseline_r01_s10001,4.928,0.029600,-0.450000,0.000000,1,14.443385,14.443385,0,0,0,0
lane_straight_bright_baseline_r01_s10001,4.960,0.032800,-0.450000,0.000000,1,14.441177,14.441177,0,0,0,0
lane_straight_bright_baseline_r01_s10001,4.992,0.036000,-0.450000,0.000000,1,14.438968,14.438968,0,0,0,0
lane_straight_bright_baseline_r01_s10001,5.024,0.039200,-0.450000,0.000000,1,14.436760,14.436760,0,0,0,0
lane_straight_bright_baseline_r01_s10001,5.056,0.042400,-0.450000,0.000000,1,14.434552,14.434552,0,0,0,0
lane_straight_bright_baseline_r01_s10001,5.088,0.045600,-0.450000,0.000000,1,14.432345,14.432345,0,0,0,0
lane_straight_bright_baseline_r01_s10001,5.120,0.048800,-0.450000,0.000000,1,14.430138,14.430138,0,0,0,0
lane_straight_bright_baseline_r01_s10001,5.152,0.052000,-0.450000,0.000000,1,14.427932,14.427932,0,0,0,0
lane_straight_bright_baseline_r01_s10001,5.184,0.055200,-0.450000,0.000000,1,14.425725,14.425725,0,0,0,0
lane_straight_bright_baseline_r01_s10001,5.216,0.058400,-0.450000,0.000000,1,14.423520,14.423520,0,0,0,0
lane_straight_bright_baseline_r01_s10001,5.248,0.061600,-0.450000,0.000000,1,14.421314,14.421314,0,0,0,0
lane_straight_bright_baseline_r01_s10001,5.280,0.064800,-0.450000,0.000000,1,14.419109,14.419109,0,0,0,0
lane_straight_bright_baseline_r01_s10001,5.312,0.068000,-0.450000,0.000000,1,14.416904,14.416904,0,0,0,0
lane_straight_bright_baseline_r01_s10001,5.344,0.071200,-0.450000,0.000000,1,14.414700,14.414700,0,0,0,0
lane_straight_bright_baseline_r01_s10001,5.376,0.074400,-0.450000,0.000000,1,14.412496,14.412496,0,0,0,0
lane_straight_bright_baseline_r01_s10001,5.408,0.077600,-0.450000,0.000000,1,14.410292,14.410292,0,0,0,0
lane_straight_bright_baseline_r01_s10001,5.440,0.080800,-0.450000,0.000000,1,14.408089,14.408089,0,0,0,0
lane_straight_bright_baseline_r01_s10001,5.472,0.084000,-0.450000,0.000000,1,14.405886,14.405886,0,0,0,0
lane_straight_bright_baseline_r01_s10001,5.504,0.087200,-0.450000,0.000000,1,14.403684,14.403684,0,0,0,0
lane_straight_bright_baseline_r01_s10001,5.536,0.090400,-0.450000,0.000000,1,14.401482,14.401482,0,0,0,0
lane_straight_bright_baseline_r01_s10001,5.568,0.093600,-0.450000,0.000000,1,14.399280,14.399280,0,0,0,0
lane_straight_bright_baseline_r01_s10001,5.600,0.096800,-0.450000,0.000000,1,14.397079,14.397079,0,0,0,0
lane_straight_bright_baseline_r01_s10001,5.632,0.100000,-0.450000,0.000000,1,14.394878,14.394878,0,0,0,0
lane_straight_bright_baseline_r01_s10001,5.664,0.103200,-0.450000,0.000000,1,14.392677,14.392677,0,0,0,0
lane_straight_bright_baseline_r01_s10001,5.696,0.106400,-0.450000,0.000000,1,14.390477,14.390477,0,0,0,0
lane_straight_bright_baseline_r01_s10001,5.728,0.109600,-0.450000,0.000000,1,14.388277,14.388277,0,0,0,0
lane_straight_bright_baseline_r01_s10001,5.760,0.112800,-0.450000,0.000000,1,14.386078,14.386078,0,0,0,0
lane_straight_bright_baseline_r01_s10001,5.792,0.116000,-0.450000,0.000000,1,14.383879,14.383879,0,0,0,0
lane_straight_bright_baseline_r01_s10001,5.824,0.119200,-0.450000,0.000000,1,14.381680,14.381680,0,0,0,0
lane_straight_bright_baseline_r01_s10001,5.856,0.122400,-0.450000,0.000000,1,14.379482,14.379482,0,0,0,0
lane_straight_bright_baseline_r01_s10001,5.888,0.125600,-0.450000,0.000000,1,14.377284,14.377284,0,0,0,0
lane_straight_bright_baseline_r01_s10001,5.920,0.128800,-0.450000,0.000000,1,14.375086,14.375086,0,0,0,0
lane_straight_bright_baseline_r01_s10001,5.952,0.132000,-0.450000,0.000000,1,14.372889,14.372889,0,0,0,0
lane_straight_bright_baseline_r01_s10001,5.984,0.135200,-0.450000,0.000000,1,14.370692,14.370692,0,0,0,0
lane_straight_bright_baseline_r01_s10001,6.016,0.138400,-0.450000,0.000000,1,14.368495,14.368495,0,0,0,0
lane_straight_bright_baseline_r01_s10001,6.048,0.141600,-0.450000,0.000000,1,14.366299,14.366299,0,0,0,0
lane_straight_bright_baseline_r01_s10001,6.080,0.144800,-0.450000,0.000000,1,14.364104,14.364104,0,0,0,0
lane_straight_bright_baseline_r01_s10001,6.112,0.148000,-0.450000,0.000000,1,14.361908,14.361908,0,0,0,0
lane_straight_bright_baseline_r01_s10001,6.144,0.151200,-0.450000,0.000000,1,14.359713,14.359713,0,0,0,0
lane_straight_bright_baseline_r01_s10001,6.176,0.154400,-0.450000,0.000000,1,14.357519,14.357519,0,0,0,0
lane_straight_bright_baseline_r01_s10001,6.208,0.157600,-0.450000,0.000000,1,14.355325,14.355325,0,0,0,0
lane_straight_bright_baseline_r01_s10001,6.240,0.160800,-0.450000,0.000000,1,14.353131,14.353131,0,0,0,0
lane_straight_bright_baseline_r01_s10001,6.272,0.164000,-0.450000,0.000000,1,14.350937,14.350937,0,0,0,0
lane_straight_bright_baseline_r01_s10001,6.304,0.167200,-0.450000,0.000000,1,14.348744,14.348744,0,0,0,0
lane_straight_bright_baseline_r01_s10001,6.336,0.170400,-0.450000,0.000000,1,14.346552,14.346552,0,0,0,0
lane_straight_bright_baseline_r01_s10001,6.368,0.173600,-0.450000,0.000000,1,14.344359,14.344359,0,0,0,0
lane_straight_bright_baseline_r01_s10001,6.400,0.176800,-0.450000,0.000000,1,14.342167,14.342167,0,0,0,0
lane_straight_bright_baseline_r01_s10001,6.432,0.180000,-0.450000,0.000000,1,14.339976,14.339976,0,0,0,0
lane_straight_bright_baseline_r01_s10001,6.464,0.183200,-0.450000,0.000000,1,14.337785,14.337785,0,0,0,0
lane_straight_bright_baseline_r01_s10001,6.496,0.186400,-0.450000,0.000000,1,14.335594,14.335594,0,0,0,0
lane_straight_bright_baseline_r01_s10001,6.528,0.189600,-0.450000,0.000000,1,14.333404,14.333404,0,0,0,0
lane_straight_bright_baseline_r01_s10001,6.560,0.192800,-0.450000,0.000000,1,14.331213,14.331213,0,0,0,0
lane_straight_bright_baseline_r01_s10001,6.592,0.196000,-0.450000,0.000000,1,14.329024,14.329024,0,0,0,0
lane_straight_bright_baseline_r01_s10001,6.624,0.199200,-0.450000,0.000000,1,14.326835,14.326835,0,0,0,0
lane_straight_bright_baseline_r01_s10001,6.656,0.202400,-0.450000,0.000000,1,14.324646,14.324646,0,0,0,0
lane_straight_bright_baseline_r01_s10001,6.688,0.205600,-0.450000,0.000000,1,14.322457,14.322457,0,0,0,0
lane_straight_bright_baseline_r01_s10001,6.720,0.208800,-0.450000,0.000000,1,14.320269,14.320269,0,0,0,0
lane_straight_bright_baseline_r01_s10001,6.752,0.212000,-0.450000,0.000000,1,14.318081,14.318081,0,0,0,0
lane_straight_bright_baseline_r01_s10001,6.784,0.215200,-0.450000,0.000000,1,14.315894,14.315894,0,0,0,0
lane_straight_bright_baseline_r01_s10001,6.816,0.218400,-0.450000,0.000000,1,14.313707,14.313707,0,0,0,0
lane_straight_bright_baseline_r01_s10001,6.848,0.221600,-0.450000,0.000000,1,14.311520,14.311520,0,0,0,0
lane_straight_bright_baseline_r01_s10001,6.880,0.224800,-0.450000,0.000000,1,14.309334,14.309334,0,0,0,0
lane_straight_bright_baseline_r01_s10001,6.912,0.228000,-0.450000,0.000000,1,14.307148,14.307148,0,0,0,0
lane_straight_bright_baseline_r01_s10001,6.944,0.231200,-0.450000,0.000000,1,14.304963,14.304963,0,0,0,0
lane_straight_bright_baseline_r01_s10001,6.976,0.234400,-0.450000,0.000000,1,14.302778,14.302778,0,0,0,0
lane_straight_bright_baseline_r01_s10001,7.008,0.237600,-0.450000,0.000000,1,14.300593,14.300593,0,0,0,0
lane_straight_bright_baseline_r01_s10001,7.040,0.240800,-0.450000,0.000000,1,14.298409,14.298409,0,0,0,0
lane_straight_bright_baseline_r01_s10001,7.072,0.244000,-0.450000,0.000000,1,14.296225,14.296225,0,0,0,0
lane_straight_bright_baseline_r01_s10001,7.104,0.247200,-0.450000,0.000000,1,14.294041,14.294041,0,0,0,0
lane_straight_bright_baseline_r01_s10001,7.136,0.250400,-0.450000,0.000000,1,14.291858,14.291858,0,0,0,0
lane_straight_bright_baseline_r01_s10001,7.168,0.253600,-0.450000,0.000000,1,14.289675,14.289675,0,0,0,0
lane_straight_bright_baseline_r01_s10001,7.200,0.256800,-0.450000,0.000000,1,14.287493,14.287493,0,0,0,0
lane_straight_bright_baseline_r01_s10001,7.232,0.260000,-0.450000,0.000000,1,14.285311,14.285311,0,0,0,0
lane_straight_bright_baseline_r01_s10001,7.264,0.263200,-0.450000,0.000000,1,14.283129,14.283129,0,0,0,0
lane_straight_bright_baseline_r01_s10001,7.296,0.266400,-0.450000,0.000000,1,14.280948,14.280948,0,0,0,0
lane_straight_bright_baseline_r01_s10001,7.328,0.269600,-0.450000,0.000000,1,14.278767,14.278767,0,0,0,0
lane_straight_bright_baseline_r01_s10001,7.360,0.272800,-0.450000,0.000000,1,14.276587,14.276587,0,0,0,0
lane_straight_bright_baseline_r01_s10001,7.392,0.276000,-0.450000,0.000000,1,14.274407,14.274407,0,0,0,0
lane_straight_bright_baseline_r01_s10001,7.424,0.279200,-0.450000,0.000000,1,14.272227,14.272227,0,0,0,0
lane_straight_bright_baseline_r01_s10001,7.456,0.282400,-0.450000,0.000000,1,14.270048,14.270048,0,0,0,0
lane_straight_bright_baseline_r01_s10001,7.488,0.285600,-0.450000,0.000000,1,14.267869,14.267869,0,0,0,0
lane_straight_bright_baseline_r01_s10001,7.520,0.288800,-0.450000,0.000000,1,14.265690,14.265690,0,0,0,0
lane_straight_bright_baseline_r01_s10001,7.552,0.292000,-0.450000,0.000000,1,14.263512,14.263512,0,0,0,0
lane_straight_bright_baseline_r01_s10001,7.584,0.295200,-0.450000,0.000000,1,14.261334,14.261334,0,0,0,0
lane_straight_bright_baseline_r01_s10001,7.616,0.298400,-0.450000,0.000000,1,14.259157,14.259157,0,0,0,0
lane_straight_bright_baseline_r01_s10001,7.648,0.301600,-0.450000,0.000000,1,14.256980,14.256980,0,0,0,0
lane_straight_bright_baseline_r01_s10001,7.680,0.304800,-0.450000,0.000000,1,14.254803,14.254803,0,0,0,0
lane_straight_bright_baseline_r01_s10001,7.712,0.308000,-0.450000,0.000000,1,14.252627,14.252627,0,0,0,0
lane_straight_bright_baseline_r01_s10001,7.744,0.311200,-0.450000,0.000000,1,14.250451,14.250451,0,0,0,0
lane_straight_bright_baseline_r01_s10001,7.776,0.314400,-0.450000,0.000000,1,14.248276,14.248276,0,0,0,0
lane_straight_bright_baseline_r01_s10001,7.808,0.317600,-0.450000,0.000000,1,14.246100,14.246100,0,0,0,0
lane_straight_bright_baseline_r01_s10001,7.840,0.320800,-0.450000,0.000000,1,14.243926,14.243926,0,0,0,0
lane_straight_bright_baseline_r01_s10001,7.872,0.324000,-0.450000,0.000000,1,14.241751,14.241751,0,0,0,0
lane_straight_bright_baseline_r01_s10001,7.904,0.327200,-0.450000,0.000000,1,14.239578,14.239578,0,0,0,0
lane_straight_bright_baseline_r01_s10001,7.936,0.330400,-0.450000,0.000000,1,14.237404,14.237404,0,0,0,0
lane_straight_bright_baseline_r01_s10001,7.968,0.333600,-0.450000,0.000000,1,14.235231,14.235231,0,0,0,0
lane_straight_bright_baseline_r01_s10001,8.000,0.336800,-0.450000,0.000000,1,14.233058,14.233058,0,0,0,0
lane_straight_bright_baseline_r01_s10001,8.032,0.340000,-0.450000,0.000000,1,14.230886,14.230886,0,0,0,0
lane_straight_bright_baseline_r01_s10001,8.064,0.343200,-0.450000,0.000000,1,14.228714,14.228714,0,0,0,0
lane_straight_bright_baseline_r01_s10001,8.096,0.346400,-0.450000,0.000000,1,14.226542,14.226542,0,0,0,0
lane_straight_bright_baseline_r01_s10001,8.128,0.349600,-0.450000,0.000000,1,14.224371,14.224371,0,0,0,0
lane_straight_bright_baseline_r01_s10001,8.160,0.352800,-0.450000,0.000000,1,14.222200,14.222200,0,0,0,0
lane_straight_bright_baseline_r01_s10001,8.192,0.356000,-0.450000,0.000000,1,14.220030,14.220030,0,0,0,0
lane_straight_bright_baseline_r01_s10001,8.224,0.359200,-0.450000,0.000000,1,14.217860,14.217860,0,0,0,0
lane_straight_bright_baseline_r01_s10001,8.256,0.362400,-0.450000,0.000000,1,14.215690,14.215690,0,0,0,0
lane_straight_bright_baseline_r01_s10001,8.288,0.365600,-0.450000,0.000000,1,14.213521,14.213521,0,0,0,0
lane_straight_bright_baseline_r01_s10001,8.320,0.368800,-0.450000,0.000000,1,14.211352,14.211352,0,0,0,0
lane_straight_bright_baseline_r01_s10001,8.352,0.372000,-0.450000,0.000000,1,14.209183,14.209183,0,0,0,0
lane_straight_bright_baseline_r01_s10001,8.384,0.375200,-0.450000,0.000000,1,14.207015,14.207015,0,0,0,0
lane_straight_bright_baseline_r01_s10001,8.416,0.378400,-0.450000,0.000000,1,14.204848,14.204848,0,0,0,0
lane_straight_bright_baseline_r01_s10001,8.448,0.381600,-0.450000,0.000000,1,14.202680,14.202680,0,0,0,0
lane_straight_bright_baseline_r01_s10001,8.480,0.384800,-0.450000,0.000000,1,14.200513,14.200513,0,0,0,0
lane_straight_bright_baseline_r01_s10001,8.512,0.388000,-0.450000,0.000000,1,14.198347,14.198347,0,0,0,0
lane_straight_bright_baseline_r01_s10001,8.544,0.391200,-0.450000,0.000000,1,14.196181,14.196181,0,0,0,0
lane_straight_bright_baseline_r01_s10001,8.576,0.394400,-0.450000,0.000000,1,14.194015,14.194015,0,0,0,0
lane_straight_bright_baseline_r01_s10001,8.608,0.397600,-0.450000,0.000000,1,14.191850,14.191850,0,0,0,0
lane_straight_bright_baseline_r01_s10001,8.640,0.400800,-0.450000,0.000000,1,14.189685,14.189685,0,0,0,0
lane_straight_bright_baseline_r01_s10001,8.672,0.404000,-0.450000,0.000000,1,14.187520,14.187520,0,0,0,0
lane_straight_bright_baseline_r01_s10001,8.704,0.407200,-0.450000,0.000000,1,14.185356,14.185356,0,0,0,0
lane_straight_bright_baseline_r01_s10001,8.736,0.410400,-0.450000,0.000000,1,14.183192,14.183192,0,0,0,0
lane_straight_bright_baseline_r01_s10001,8.768,0.413600,-0.450000,0.000000,1,14.181029,14.181029,0,0,0,0
lane_straight_bright_baseline_r01_s10001,8.800,0.416800,-0.450000,0.000000,1,14.178866,14.178866,0,0,0,0
lane_straight_bright_baseline_r01_s10001,8.832,0.420000,-0.450000,0.000000,1,14.176703,14.176703,0,0,0,0
lane_straight_bright_baseline_r01_s10001,8.864,0.423200,-0.450000,0.000000,1,14.174541,14.174541,0,0,0,1
