run_id,time_s,robot_x,robot_y,lane_error_m,checkpoint_count,static_clearance_m,moving_clearance_m,collision_count,moving_started,moving_cleared,finished,obstacle_layout,static_obstacle_count,moving_obstacle_count
lane_straight_bright_r05_s10005,0.032,-0.460000,-0.450000,0.000000,0,99.000000,99.000000,0,0,0,0,single,0,0
lane_straight_bright_r05_s10005,0.064,-0.457061,-0.449999,0.000001,0,99.000000,99.000000,0,0,0,0,single,0,0
lane_straight_bright_r05_s10005,0.096,-0.454137,-0.449986,0.000014,0,99.000000,99.000000,0,0,0,0,single,0,0
lane_straight_bright_r05_s10005,0.128,-0.451193,-0.449954,0.000046,0,99.000000,99.000000,0,0,0,0,single,0,0
lane_straight_bright_r05_s10005,0.160,-0.448249,-0.449928,0.000072,0,99.000000,99.000000,0,0,0,0,single,0,0
lane_straight_bright_r05_s10005,0.192,-0.445305,-0.449892,0.000108,0,99.000000,99.000000,0,0,0,0,single,0,0
lane_straight_bright_r05_s10005,0.224,-0.442362,-0.449818,0.000182,0,99.000000,99.000000,0,0,0,0,single,0,0
lane_straight_bright_r05_s10005,0.256,-0.439418,-0.449741,0.000259,0,99.000000,99.000000,0,0,0,0,single,0,0
lane_straight_bright_r05_s10005,0.288,-0.436475,-0.449663,0.000337,0,99.000000,99.000000,0,0,0,0,single,0,0
lane_straight_bright_r05_s10005,0.320,-0.433533,-0.449583,0.000417,0,99.000000,99.000000,0,0,0,0,single,0,0
lane_straight_bright_r05_s10005,0.352,-0.430590,-0.449499,0.000501,0,99.000000,99.000000,0,0,0,0,single,0,0
lane_straight_bright_r05_s10005,0.384,-0.427647,-0.449413,0.000587,0,99.000000,99.000000,0,0,0,0,single,0,0
lane_straight_bright_r05_s10005,0.416,-0.424705,-0.449324,0.000676,0,99.000000,99.000000,0,0,0,0,single,0,0
lane_straight_bright_r05_s10005,0.448,-0.421762,-0.449237,0.000763,0,99.000000,99.000000,0,0,0,0,single,0,0
lane_straight_bright_r05_s10005,0.480,-0.418820,-0.449150,0.000850,0,99.000000,99.000000,0,0,0,0,single,0,0
lane_straight_bright_r05_s10005,0.512,-0.415877,-0.449059,0.000941,0,99.000000,99.000000,0,0,0,0,single,0,0
lane_straight_bright_r05_s10005,0.544,-0.412935,-0.448969,0.001031,0,99.000000,99.000000,0,0,0,0,single,0,0
lane_straight_bright_r05_s10005,0.576,-0.409992,-0.448875,0.001125,0,99.000000,99.000000,0,0,0,0,single,0,0
lane_straight_bright_r05_s10005,0.608,-0.407050,-0.448778,0.001222,0,99.000000,99.000000,0,0,0,0,single,0,0
lane_straight_bright_r05_s10005,0.640,-0.404108,-0.448677,0.001323,0,99.000000,99.000000,0,0,0,0,single,0,0
lane_straight_bright_r05_s10005,0.672,-0.401165,-0.448577,0.001423,0,99.000000,99.000000,0,0,0,0,single,0,0
lane_straight_bright_r05_s10005,0.704,-0.398223,-0.448478,0.001522,0,99.000000,99.000000,0,0,0,0,single,0,0
lane_straight_bright_r05_s10005,0.736,-0.395281,-0.448379,0.001621,0,99.000000,99.000000,0,0,0,0,single,0,0
lane_straight_bright_r05_s10005,0.768,-0.392339,-0.448280,0.001720,0,99.000000,99.000000,0,0,0,0,single,0,0
lane_straight_bright_r05_s10005,0.800,-0.389396,-0.448176,0.001824,0,99.000000,99.000000,0,0,0,0,single,0,0
lane_straight_bright_r05_s10005,0.832,-0.386454,-0.448074,0.001926,0,99.000000,99.000000,0,0,0,0,single,0,0
lane_straight_bright_r05_s10005,0.864,-0.383512,-0.447972,0.002028,0,99.000000,99.000000,0,0,0,0,single,0,0
lane_straight_bright_r05_s10005,0.896,-0.380570,-0.447870,0.002130,0,99.000000,99.000000,0,0,0,0,single,0,0
lane_straight_bright_r05_s10005,0.928,-0.377627,-0.447767,0.002233,0,99.000000,99.000000,0,0,0,0,single,0,0
lane_straight_bright_r05_s10005,0.960,-0.374685,-0.447665,0.002335,0,99.000000,99.000000,0,0,0,0,single,0,0
lane_straight_bright_r05_s10005,0.992,-0.371743,-0.447563,0.002437,0,99.000000,99.000000,0,0,0,0,single,0,0
lane_straight_bright_r05_s10005,1.024,-0.368801,-0.447461,0.002539,0,99.000000,99.000000,0,0,0,0,single,0,0
lane_straight_bright_r05_s10005,1.056,-0.365859,-0.447359,0.002641,0,99.000000,99.000000,0,0,0,0,single,0,0
lane_straight_bright_r05_s10005,1.088,-0.362916,-0.447257,0.002743,0,99.000000,99.000000,0,0,0,0,single,0,0
lane_straight_bright_r05_s10005,1.120,-0.359974,-0.447155,0.002845,0,99.000000,99.000000,0,0,0,0,single,0,0
lane_straight_bright_r05_s10005,1.152,-0.357032,-0.447053,0.002947,0,99.000000,99.000000,0,0,0,0,single,0,0
lane_straight_bright_r05_s10005,1.184,-0.354090,-0.446951,0.003049,0,99.000000,99.000000,0,0,0,0,single,0,0
lane_straight_bright_r05_s10005,1.216,-0.351147,-0.446849,0.003151,0,99.000000,99.000000,0,0,0,0,single,0,0
lane_straight_bright_r05_s10005,1.248,-0.348205,-0.446747,0.003253,0,99.000000,99.000000,0,0,0,0,single,0,0
lane_straight_bright_r05_s10005,1.280,-0.345263,-0.446645,0.003355,0,99.000000,99.000000,0,0,0,0,single,0,0
lane_straight_bright_r05_s10005,1.312,-0.342321,-0.446543,0.003457,0,99.000000,99.000000,0,0,0,0,single,0,0
lane_straight_bright_r05_s10005,1.344,-0.339378,-0.446441,0.003559,0,99.000000,99.000000,0,0,0,0,single,0,0
lane_straight_bright_r05_s10005,1.376,-0.336436,-0.446339,0.003661,0,99.000000,99.000000,0,0,0,0,single,0,0
lane_straight_bright_r05_s10005,1.408,-0.333494,-0.446236,0.003764,0,99.000000,99.000000,0,0,0,0,single,0,0
lane_straight_bright_r05_s10005,1.440,-0.330552,-0.446134,0.003866,0,99.000000,99.000000,0,0,0,0,single,0,0
lane_straight_bright_r05_s10005,1.472,-0.327610,-0.446032,0.003968,0,99.000000,99.000000,0,0,0,0,single,0,0
lane_straight_bright_r05_s10005,1.504,-0.324667,-0.445930,0.004070,0,99.000000,99.000000,0,0,0,0,single,0,0
lane_straight_bright_r05_s10005,1.536,-0.321725,-0.445828,0.004172,0,99.000000,99.000000,0,0,0,0,single,0,0
lane_straight_bright_r05_s10005,1.568,-0.318783,-0.445726,0.004274,0,99.000000,99.000000,0,0,0,0,single,0,0
lane_straight_bright_r05_s10005,1.600,-0.315841,-0.445624,0.004376,0,99.000000,99.000000,0,0,0,0,single,0,0
lane_straight_bright_r05_s10005,1.632,-0.312898,-0.445521,0.004479,0,99.000000,99.000000,0,0,0,0,single,0,0
lane_straight_bright_r05_s10005,1.664,-0.309956,-0.445419,0.004581,0,99.000000,99.000000,0,0,0,0,single,0,0
lane_straight_bright_r05_s10005,1.696,-0.307014,-0.445317,0.004683,0,99.000000,99.000000,0,0,0,0,single,0,0
lane_straight_bright_r05_s10005,1.728,-0.304072,-0.445215,0.004785,0,99.000000,99.000000,0,0,0,0,single,0,0
lane_straight_bright_r05_s10005,1.760,-0.301130,-0.445113,0.004887,0,99.000000,99.000000,0,0,0,0,single,0,0
lane_straight_bright_r05_s10005,1.792,-0.298187,-0.445010,0.004990,0,99.000000,99.000000,0,0,0,0,single,0,0
lane_straight_bright_r05_s10005,1.824,-0.295245,-0.444908,0.005092,0,99.000000,99.000000,0,0,0,0,single,0,0
lane_straight_bright_r05_s10005,1.856,-0.292303,-0.444806,0.005194,0,99.000000,99.000000,0,0,0,0,single,0,0
lane_straight_bright_r05_s10005,1.888,-0.289361,-0.444704,0.005296,0,99.000000,99.000000,0,0,0,0,single,0,0
lane_straight_bright_r05_s10005,1.920,-0.286418,-0.444601,0.005399,0,99.000000,99.000000,0,0,0,0,single,0,0
lane_straight_bright_r05_s10005,1.952,-0.283476,-0.444499,0.005501,0,99.000000,99.000000,0,0,0,0,single,0,0
lane_straight_bright_r05_s10005,1.984,-0.280534,-0.444397,0.005603,0,99.000000,99.000000,0,0,0,0,single,0,0
lane_straight_bright_r05_s10005,2.016,-0.277592,-0.444294,0.005706,1,99.000000,99.000000,0,0,0,0,single,0,0
lane_straight_bright_r05_s10005,2.048,-0.274650,-0.444192,0.005808,1,99.000000,99.000000,0,0,0,0,single,0,0
lane_straight_bright_r05_s10005,2.080,-0.271707,-0.444090,0.005910,1,99.000000,99.000000,0,0,0,0,single,0,0
lane_straight_bright_r05_s10005,2.112,-0.268765,-0.443988,0.006012,1,99.000000,99.000000,0,0,0,0,single,0,0
lane_straight_bright_r05_s10005,2.144,-0.265823,-0.443885,0.006115,1,99.000000,99.000000,0,0,0,0,single,0,0
lane_straight_bright_r05_s10005,2.176,-0.262881,-0.443783,0.006217,1,99.000000,99.000000,0,0,0,0,single,0,0
lane_straight_bright_r05_s10005,2.208,-0.259938,-0.443681,0.006319,1,99.000000,99.000000,0,0,0,0,single,0,0
lane_straight_bright_r05_s10005,2.240,-0.256996,-0.443578,0.006422,1,99.000000,99.000000,0,0,0,0,single,0,0
lane_straight_bright_r05_s10005,2.272,-0.254054,-0.443476,0.006524,1,99.000000,99.000000,0,0,0,0,single,0,0
lane_straight_bright_r05_s10005,2.304,-0.251112,-0.443374,0.006626,1,99.000000,99.000000,0,0,0,0,single,0,0
lane_straight_bright_r05_s10005,2.336,-0.248170,-0.443271,0.006729,1,99.000000,99.000000,0,0,0,0,single,0,0
lane_straight_bright_r05_s10005,2.368,-0.245227,-0.443169,0.006831,1,99.000000,99.000000,0,0,0,0,single,0,0
lane_straight_bright_r05_s10005,2.400,-0.242285,-0.443066,0.006934,1,99.000000,99.000000,0,0,0,0,single,0,0
lane_straight_bright_r05_s10005,2.432,-0.239343,-0.442964,0.007036,1,99.000000,99.000000,0,0,0,0,single,0,0
lane_straight_bright_r05_s10005,2.464,-0.236401,-0.442862,0.007138,1,99.000000,99.000000,0,0,0,0,single,0,0
lane_straight_bright_r05_s10005,2.496,-0.233458,-0.442759,0.007241,1,99.000000,99.000000,0,0,0,0,single,0,0
lane_straight_bright_r05_s10005,2.528,-0.230516,-0.442657,0.007343,1,99.000000,99.000000,0,0,0,0,single,0,0
lane_straight_bright_r05_s10005,2.560,-0.227574,-0.442554,0.007446,1,99.000000,99.000000,0,0,0,0,single,0,0
lane_straight_bright_r05_s10005,2.592,-0.224632,-0.442452,0.007548,1,99.000000,99.000000,0,0,0,0,single,0,0
lane_straight_bright_r05_s10005,2.624,-0.221690,-0.442349,0.007651,1,99.000000,99.000000,0,0,0,0,single,0,0
lane_straight_bright_r05_s10005,2.656,-0.218747,-0.442247,0.007753,1,99.000000,99.000000,0,0,0,0,single,0,0
lane_straight_bright_r05_s10005,2.688,-0.215805,-0.442144,0.007856,1,99.000000,99.000000,0,0,0,0,single,0,0
lane_straight_bright_r05_s10005,2.720,-0.212863,-0.442042,0.007958,1,99.000000,99.000000,0,0,0,0,single,0,0
lane_straight_bright_r05_s10005,2.752,-0.209921,-0.441940,0.008060,1,99.000000,99.000000,0,0,0,0,single,0,0
lane_straight_bright_r05_s10005,2.784,-0.206979,-0.441837,0.008163,1,99.000000,99.000000,0,0,0,0,single,0,0
lane_straight_bright_r05_s10005,2.816,-0.204036,-0.441735,0.008265,1,99.000000,99.000000,0,0,0,0,single,0,0
lane_straight_bright_r05_s10005,2.848,-0.201094,-0.441632,0.008368,1,99.000000,99.000000,0,0,0,0,single,0,0
lane_straight_bright_r05_s10005,2.880,-0.198152,-0.441529,0.008471,1,99.000000,99.000000,0,0,0,0,single,0,0
lane_straight_bright_r05_s10005,2.912,-0.195210,-0.441427,0.008573,1,99.000000,99.000000,0,0,0,0,single,0,0
lane_straight_bright_r05_s10005,2.944,-0.192267,-0.441324,0.008676,1,99.000000,99.000000,0,0,0,0,single,0,0
lane_straight_bright_r05_s10005,2.976,-0.189325,-0.441222,0.008778,1,99.000000,99.000000,0,0,0,0,single,0,0
lane_straight_bright_r05_s10005,3.008,-0.186383,-0.441119,0.008881,1,99.000000,99.000000,0,0,0,0,single,0,0
lane_straight_bright_r05_s10005,3.040,-0.183441,-0.441017,0.008983,1,99.000000,99.000000,0,0,0,0,single,0,0
lane_straight_bright_r05_s10005,3.072,-0.180498,-0.440919,0.009081,1,99.000000,99.000000,0,0,0,0,single,0,0
lane_straight_bright_r05_s10005,3.104,-0.177556,-0.440825,0.009175,1,99.000000,99.000000,0,0,0,0,single,0,0
lane_straight_bright_r05_s10005,3.136,-0.174613,-0.440734,0.009266,1,99.000000,99.000000,0,0,0,0,single,0,0
lane_straight_bright_r05_s10005,3.168,-0.171671,-0.440647,0.009353,1,99.000000,99.000000,0,0,0,0,single,0,0
lane_straight_bright_r05_s10005,3.200,-0.168728,-0.440566,0.009434,1,99.000000,99.000000,0,0,0,0,single,0,0
lane_straight_bright_r05_s10005,3.232,-0.165785,-0.440487,0.009513,1,99.000000,99.000000,0,0,0,0,single,0,0
lane_straight_bright_r05_s10005,3.264,-0.162842,-0.440412,0.009588,1,99.000000,99.000000,0,0,0,0,single,0,0
lane_straight_bright_r05_s10005,3.296,-0.159898,-0.440342,0.009658,1,99.000000,99.000000,0,0,0,0,single,0,0
lane_straight_bright_r05_s10005,3.328,-0.156955,-0.440274,0.009726,1,99.000000,99.000000,0,0,0,0,single,0,0
lane_straight_bright_r05_s10005,3.360,-0.154012,-0.440210,0.009790,1,99.000000,99.000000,0,0,0,0,single,0,0
lane_straight_bright_r05_s10005,3.392,-0.151068,-0.440149,0.009851,1,99.000000,99.000000,0,0,0,0,single,0,0
lane_straight_bright_r05_s10005,3.424,-0.148125,-0.440092,0.009908,1,99.000000,99.000000,0,0,0,0,single,0,0
lane_straight_bright_r05_s10005,3.456,-0.145182,-0.440037,0.009963,1,99.000000,99.000000,0,0,0,0,single,0,0
lane_straight_bright_r05_s10005,3.488,-0.142238,-0.439989,0.010011,1,99.000000,99.000000,0,0,0,0,single,0,0
lane_straight_bright_r05_s10005,3.520,-0.139294,-0.439943,0.010057,1,99.000000,99.000000,0,0,0,0,single,0,0
lane_straight_bright_r05_s10005,3.552,-0.136351,-0.439901,0.010099,1,99.000000,99.000000,0,0,0,0,single,0,0
lane_straight_bright_r05_s10005,3.584,-0.133407,-0.439863,0.010137,1,99.000000,99.000000,0,0,0,0,single,0,0
lane_straight_bright_r05_s10005,3.616,-0.130463,-0.439828,0.010172,1,99.000000,99.000000,0,0,0,0,single,0,0
lane_straight_bright_r05_s10005,3.648,-0.127519,-0.439798,0.010202,1,99.000000,99.000000,0,0,0,0,single,0,0
lane_straight_bright_r05_s10005,3.680,-0.124575,-0.439771,0.010229,1,99.000000,99.000000,0,0,0,0,single,0,0
lane_straight_bright_r05_s10005,3.712,-0.121631,-0.439748,0.010252,1,99.000000,99.000000,0,0,0,0,single,0,0
lane_straight_bright_r05_s10005,3.744,-0.118687,-0.439727,0.010273,1,99.000000,99.000000,0,0,0,0,single,0,0
lane_straight_bright_r05_s10005,3.776,-0.115744,-0.439706,0.010294,1,99.000000,99.000000,0,0,0,0,single,0,0
lane_straight_bright_r05_s10005,3.808,-0.112800,-0.439688,0.010312,1,99.000000,99.000000,0,0,0,0,single,0,0
lane_straight_bright_r05_s10005,3.840,-0.109856,-0.439674,0.010326,1,99.000000,99.000000,0,0,0,0,single,0,0
lane_straight_bright_r05_s10005,3.872,-0.106912,-0.439659,0.010341,1,99.000000,99.000000,0,0,0,0,single,0,0
lane_straight_bright_r05_s10005,3.904,-0.103968,-0.439649,0.010351,1,99.000000,99.000000,0,0,0,0,single,0,0
lane_straight_bright_r05_s10005,3.936,-0.101024,-0.439638,0.010362,1,99.000000,99.000000,0,0,0,0,single,0,0
lane_straight_bright_r05_s10005,3.968,-0.098080,-0.439626,0.010374,1,99.000000,99.000000,0,0,0,0,single,0,0
lane_straight_bright_r05_s10005,4.000,-0.095136,-0.439619,0.010381,1,99.000000,99.000000,0,0,0,0,single,0,0
lane_straight_bright_r05_s10005,4.032,-0.092192,-0.439610,0.010390,1,99.000000,99.000000,0,0,0,0,single,0,0
lane_straight_bright_r05_s10005,4.064,-0.089248,-0.439607,0.010393,1,99.000000,99.000000,0,0,0,0,single,0,0
lane_straight_bright_r05_s10005,4.096,-0.086304,-0.439601,0.010399,1,99.000000,99.000000,0,0,0,0,single,0,0
lane_straight_bright_r05_s10005,4.128,-0.083360,-0.439601,0.010399,1,99.000000,99.000000,0,0,0,0,single,0,0
lane_straight_bright_r05_s10005,4.160,-0.080416,-0.439599,0.010401,1,99.000000,99.000000,0,0,0,0,single,0,0
lane_straight_bright_r05_s10005,4.192,-0.077472,-0.439597,0.010403,1,99.000000,99.000000,0,0,0,0,single,0,0
lane_straight_bright_r05_s10005,4.224,-0.074528,-0.439595,0.010405,1,99.000000,99.000000,0,0,0,0,single,0,0
lane_straight_bright_r05_s10005,4.256,-0.071584,-0.439593,0.010407,1,99.000000,99.000000,0,0,0,0,single,0,0
lane_straight_bright_r05_s10005,4.288,-0.068640,-0.439591,0.010409,1,99.000000,99.000000,0,0,0,0,single,0,0
lane_straight_bright_r05_s10005,4.320,-0.065696,-0.439588,0.010412,1,99.000000,99.000000,0,0,0,0,single,0,0
lane_straight_bright_r05_s10005,4.352,-0.062752,-0.439586,0.010414,1,99.000000,99.000000,0,0,0,0,single,0,0
lane_straight_bright_r05_s10005,4.384,-0.059808,-0.439588,0.010412,1,99.000000,99.000000,0,0,0,0,single,0,0
lane_straight_bright_r05_s10005,4.416,-0.056864,-0.439589,0.010411,1,99.000000,99.000000,0,0,0,0,single,0,0
lane_straight_bright_r05_s10005,4.448,-0.053920,-0.439590,0.010410,1,99.000000,99.000000,0,0,0,0,single,0,0
lane_straight_bright_r05_s10005,4.480,-0.050976,-0.439591,0.010409,1,99.000000,99.000000,0,0,0,0,single,0,0
lane_straight_bright_r05_s10005,4.512,-0.048032,-0.439592,0.010408,1,99.000000,99.000000,0,0,0,0,single,0,0
lane_straight_bright_r05_s10005,4.544,-0.045088,-0.439593,0.010407,1,99.000000,99.000000,0,0,0,0,single,0,0
lane_straight_bright_r05_s10005,4.576,-0.042144,-0.439594,0.010406,1,99.000000,99.000000,0,0,0,0,single,0,0
lane_straight_bright_r05_s10005,4.608,-0.039200,-0.439595,0.010405,1,99.000000,99.000000,0,0,0,0,single,0,0
lane_straight_bright_r05_s10005,4.640,-0.036256,-0.439596,0.010404,1,99.000000,99.000000,0,0,0,0,single,0,0
lane_straight_bright_r05_s10005,4.672,-0.033312,-0.439597,0.010403,1,99.000000,99.000000,0,0,0,0,single,0,0
lane_straight_bright_r05_s10005,4.704,-0.030368,-0.439598,0.010402,1,99.000000,99.000000,0,0,0,0,single,0,0
lane_straight_bright_r05_s10005,4.736,-0.027424,-0.439598,0.010402,1,99.000000,99.000000,0,0,0,0,single,0,0
lane_straight_bright_r05_s10005,4.768,-0.024480,-0.439599,0.010401,1,99.000000,99.000000,0,0,0,0,single,0,0
lane_straight_bright_r05_s10005,4.800,-0.021536,-0.439605,0.010395,1,99.000000,99.000000,0,0,0,0,single,0,0
lane_straight_bright_r05_s10005,4.832,-0.018592,-0.439609,0.010391,1,99.000000,99.000000,0,0,0,0,single,0,0
lane_straight_bright_r05_s10005,4.864,-0.015648,-0.439614,0.010386,1,99.000000,99.000000,0,0,0,0,single,0,0
lane_straight_bright_r05_s10005,4.896,-0.012704,-0.439618,0.010382,1,99.000000,99.000000,0,0,0,0,single,0,0
lane_straight_bright_r05_s10005,4.928,-0.009760,-0.439622,0.010378,1,99.000000,99.000000,0,0,0,0,single,0,0
lane_straight_bright_r05_s10005,4.960,-0.006816,-0.439627,0.010373,1,99.000000,99.000000,0,0,0,0,single,0,0
lane_straight_bright_r05_s10005,4.992,-0.003872,-0.439631,0.010369,1,99.000000,99.000000,0,0,0,0,single,0,0
lane_straight_bright_r05_s10005,5.024,-0.000928,-0.439635,0.010365,1,99.000000,99.000000,0,0,0,0,single,0,0
lane_straight_bright_r05_s10005,5.056,0.002016,-0.439639,0.010361,1,99.000000,99.000000,0,0,0,0,single,0,0
lane_straight_bright_r05_s10005,5.088,0.004960,-0.439644,0.010356,1,99.000000,99.000000,0,0,0,0,single,0,0
lane_straight_bright_r05_s10005,5.120,0.007904,-0.439648,0.010352,1,99.000000,99.000000,0,0,0,0,single,0,0
lane_straight_bright_r05_s10005,5.152,0.010848,-0.439652,0.010348,1,99.000000,99.000000,0,0,0,0,single,0,0
lane_straight_bright_r05_s10005,5.184,0.013792,-0.439656,0.010344,1,99.000000,99.000000,0,0,0,0,single,0,0
lane_straight_bright_r05_s10005,5.216,0.016736,-0.439660,0.010340,1,99.000000,99.000000,0,0,0,0,single,0,0
lane_straight_bright_r05_s10005,5.248,0.019680,-0.439664,0.010336,1,99.000000,99.000000,0,0,0,0,single,0,0
lane_straight_bright_r05_s10005,5.280,0.022624,-0.439669,0.010331,1,99.000000,99.000000,0,0,0,0,single,0,0
lane_straight_bright_r05_s10005,5.312,0.025568,-0.439673,0.010327,1,99.000000,99.000000,0,0,0,0,single,0,0
lane_straight_bright_r05_s10005,5.344,0.028512,-0.439677,0.010323,1,99.000000,99.000000,0,0,0,0,single,0,0
lane_straight_bright_r05_s10005,5.376,0.031456,-0.439681,0.010319,1,99.000000,99.000000,0,0,0,0,single,0,0
lane_straight_bright_r05_s10005,5.408,0.034400,-0.439685,0.010315,1,99.000000,99.000000,0,0,0,0,single,0,0
lane_straight_bright_r05_s10005,5.440,0.037344,-0.439689,0.010311,1,99.000000,99.000000,0,0,0,0,single,0,0
lane_straight_bright_r05_s10005,5.472,0.040288,-0.439693,0.010307,1,99.000000,99.000000,0,0,0,0,single,0,0
lane_straight_bright_r05_s10005,5.504,0.043232,-0.439698,0.010302,1,99.000000,99.000000,0,0,0,0,single,0,0
lane_straight_bright_r05_s10005,5.536,0.046176,-0.439702,0.010298,1,99.000000,99.000000,0,0,0,0,single,0,0
lane_straight_bright_r05_s10005,5.568,0.049120,-0.439706,0.010294,1,99.000000,99.000000,0,0,0,0,single,0,0
lane_straight_bright_r05_s10005,5.600,0.052064,-0.439710,0.010290,1,99.000000,99.000000,0,0,0,0,single,0,0
lane_straight_bright_r05_s10005,5.632,0.055008,-0.439714,0.010286,1,99.000000,99.000000,0,0,0,0,single,0,0
lane_straight_bright_r05_s10005,5.664,0.057952,-0.439719,0.010281,1,99.000000,99.000000,0,0,0,0,single,0,0
lane_straight_bright_r05_s10005,5.696,0.060896,-0.439723,0.010277,1,99.000000,99.000000,0,0,0,0,single,0,0
lane_straight_bright_r05_s10005,5.728,0.063840,-0.439727,0.010273,1,99.000000,99.000000,0,0,0,0,single,0,0
lane_straight_bright_r05_s10005,5.760,0.066784,-0.439731,0.010269,1,99.000000,99.000000,0,0,0,0,single,0,0
lane_straight_bright_r05_s10005,5.792,0.069728,-0.439735,0.010265,1,99.000000,99.000000,0,0,0,0,single,0,0
lane_straight_bright_r05_s10005,5.824,0.072672,-0.439739,0.010261,1,99.000000,99.000000,0,0,0,0,single,0,0
lane_straight_bright_r05_s10005,5.856,0.075616,-0.439748,0.010252,1,99.000000,99.000000,0,0,0,0,single,0,0
lane_straight_bright_r05_s10005,5.888,0.078560,-0.439756,0.010244,1,99.000000,99.000000,0,0,0,0,single,0,0
lane_straight_bright_r05_s10005,5.920,0.081504,-0.439764,0.010236,1,99.000000,99.000000,0,0,0,0,single,0,0
lane_straight_bright_r05_s10005,5.952,0.084448,-0.439771,0.010229,1,99.000000,99.000000,0,0,0,0,single,0,0
lane_straight_bright_r05_s10005,5.984,0.087392,-0.439779,0.010221,1,99.000000,99.000000,0,0,0,0,single,0,0
lane_straight_bright_r05_s10005,6.016,0.090336,-0.439787,0.010213,1,99.000000,99.000000,0,0,0,0,single,0,0
lane_straight_bright_r05_s10005,6.048,0.093280,-0.439794,0.010206,1,99.000000,99.000000,0,0,0,0,single,0,0
lane_straight_bright_r05_s10005,6.080,0.096224,-0.439802,0.010198,1,99.000000,99.000000,0,0,0,0,single,0,0
lane_straight_bright_r05_s10005,6.112,0.099168,-0.439809,0.010191,1,99.000000,99.000000,0,0,0,0,single,0,0
lane_straight_bright_r05_s10005,6.144,0.102112,-0.439817,0.010183,1,99.000000,99.000000,0,0,0,0,single,0,0
lane_straight_bright_r05_s10005,6.176,0.105056,-0.439824,0.010176,1,99.000000,99.000000,0,0,0,0,single,0,0
lane_straight_bright_r05_s10005,6.208,0.108000,-0.439832,0.010168,1,99.000000,99.000000,0,0,0,0,single,0,0
lane_straight_bright_r05_s10005,6.240,0.110944,-0.439839,0.010161,1,99.000000,99.000000,0,0,0,0,single,0,0
lane_straight_bright_r05_s10005,6.272,0.113888,-0.439847,0.010153,1,99.000000,99.000000,0,0,0,0,single,0,0
lane_straight_bright_r05_s10005,6.304,0.116832,-0.439854,0.010146,1,99.000000,99.000000,0,0,0,0,single,0,0
lane_straight_bright_r05_s10005,6.336,0.119776,-0.439862,0.010138,1,99.000000,99.000000,0,0,0,0,single,0,0
lane_straight_bright_r05_s10005,6.368,0.122720,-0.439869,0.010131,1,99.000000,99.000000,0,0,0,0,single,0,0
lane_straight_bright_r05_s10005,6.400,0.125664,-0.439877,0.010123,1,99.000000,99.000000,0,0,0,0,single,0,0
lane_straight_bright_r05_s10005,6.432,0.128608,-0.439884,0.010116,1,99.000000,99.000000,0,0,0,0,single,0,0
lane_straight_bright_r05_s10005,6.464,0.131552,-0.439892,0.010108,1,99.000000,99.000000,0,0,0,0,single,0,0
lane_straight_bright_r05_s10005,6.496,0.134496,-0.439899,0.010101,1,99.000000,99.000000,0,0,0,0,single,0,0
lane_straight_bright_r05_s10005,6.528,0.137440,-0.439907,0.010093,1,99.000000,99.000000,0,0,0,0,single,0,0
lane_straight_bright_r05_s10005,6.560,0.140384,-0.439914,0.010086,1,99.000000,99.000000,0,0,0,0,single,0,0
lane_straight_bright_r05_s10005,6.592,0.143328,-0.439922,0.010078,1,99.000000,99.000000,0,0,0,0,single,0,0
lane_straight_bright_r05_s10005,6.624,0.146272,-0.439929,0.010071,1,99.000000,99.000000,0,0,0,0,single,0,0
lane_straight_bright_r05_s10005,6.656,0.149216,-0.439932,0.010068,1,99.000000,99.000000,0,0,0,0,single,0,0
lane_straight_bright_r05_s10005,6.688,0.152160,-0.439936,0.010064,1,99.000000,99.000000,0,0,0,0,single,0,0
lane_straight_bright_r05_s10005,6.720,0.155104,-0.439940,0.010060,1,99.000000,99.000000,0,0,0,0,single,0,0
lane_straight_bright_r05_s10005,6.752,0.158048,-0.439944,0.010056,1,99.000000,99.000000,0,0,0,0,single,0,0
lane_straight_bright_r05_s10005,6.784,0.160992,-0.439948,0.010052,1,99.000000,99.000000,0,0,0,0,single,0,0
lane_straight_bright_r05_s10005,6.816,0.163936,-0.439952,0.010048,1,99.000000,99.000000,0,0,0,0,single,0,0
lane_straight_bright_r05_s10005,6.848,0.166880,-0.439956,0.010044,1,99.000000,99.000000,0,0,0,0,single,0,0
lane_straight_bright_r05_s10005,6.880,0.169824,-0.439960,0.010040,1,99.000000,99.000000,0,0,0,0,single,0,0
lane_straight_bright_r05_s10005,6.912,0.172768,-0.439964,0.010036,1,99.000000,99.000000,0,0,0,0,single,0,0
lane_straight_bright_r05_s10005,6.944,0.175712,-0.439964,0.010036,1,99.000000,99.000000,0,0,0,0,single,0,0
lane_straight_bright_r05_s10005,6.976,0.178656,-0.439964,0.010036,1,99.000000,99.000000,0,0,0,0,single,0,0
lane_straight_bright_r05_s10005,7.008,0.181600,-0.439965,0.010035,1,99.000000,99.000000,0,0,0,0,single,0,0
lane_straight_bright_r05_s10005,7.040,0.184544,-0.439966,0.010034,1,99.000000,99.000000,0,0,0,0,single,0,0
lane_straight_bright_r05_s10005,7.072,0.187488,-0.439967,0.010033,1,99.000000,99.000000,0,0,0,0,single,0,0
lane_straight_bright_r05_s10005,7.104,0.190432,-0.439967,0.010033,1,99.000000,99.000000,0,0,0,0,single,0,0
lane_straight_bright_r05_s10005,7.136,0.193376,-0.439968,0.010032,1,99.000000,99.000000,0,0,0,0,single,0,0
lane_straight_bright_r05_s10005,7.168,0.196320,-0.439969,0.010031,1,99.000000,99.000000,0,0,0,0,single,0,0
lane_straight_bright_r05_s10005,7.200,0.199264,-0.439970,0.010030,1,99.000000,99.000000,0,0,0,0,single,0,0
lane_straight_bright_r05_s10005,7.232,0.202208,-0.439971,0.010029,1,99.000000,99.000000,0,0,0,0,single,0,0
lane_straight_bright_r05_s10005,7.264,0.205152,-0.439972,0.010028,1,99.000000,99.000000,0,0,0,0,single,0,0
lane_straight_bright_r05_s10005,7.296,0.208096,-0.439972,0.010028,1,99.000000,99.000000,0,0,0,0,single,0,0
lane_straight_bright_r05_s10005,7.328,0.211040,-0.439973,0.010027,1,99.000000,99.000000,0,0,0,0,single,0,0
lane_straight_bright_r05_s10005,7.360,0.213984,-0.439974,0.010026,1,99.000000,99.000000,0,0,0,0,single,0,0
lane_straight_bright_r05_s10005,7.392,0.216928,-0.439975,0.010025,1,99.000000,99.000000,0,0,0,0,single,0,0
lane_straight_bright_r05_s10005,7.424,0.219872,-0.439976,0.010024,1,99.000000,99.000000,0,0,0,0,single,0,0
lane_straight_bright_r05_s10005,7.456,0.222816,-0.439977,0.010023,1,99.000000,99.000000,0,0,0,0,single,0,0
lane_straight_bright_r05_s10005,7.488,0.225760,-0.439978,0.010022,1,99.000000,99.000000,0,0,0,0,single,0,0
lane_straight_bright_r05_s10005,7.520,0.228704,-0.439979,0.010021,1,99.000000,99.000000,0,0,0,0,single,0,0
lane_straight_bright_r05_s10005,7.552,0.231648,-0.439980,0.010020,1,99.000000,99.000000,0,0,0,0,single,0,0
lane_straight_bright_r05_s10005,7.584,0.234592,-0.439981,0.010019,1,99.000000,99.000000,0,0,0,0,single,0,0
lane_straight_bright_r05_s10005,7.616,0.237536,-0.439982,0.010018,1,99.000000,99.000000,0,0,0,0,single,0,0
lane_straight_bright_r05_s10005,7.648,0.240480,-0.439982,0.010018,1,99.000000,99.000000,0,0,0,0,single,0,0
lane_straight_bright_r05_s10005,7.680,0.243424,-0.439983,0.010017,1,99.000000,99.000000,0,0,0,0,single,0,0
lane_straight_bright_r05_s10005,7.712,0.246368,-0.439984,0.010016,1,99.000000,99.000000,0,0,0,0,single,0,0
lane_straight_bright_r05_s10005,7.744,0.249312,-0.439985,0.010015,1,99.000000,99.000000,0,0,0,0,single,0,0
lane_straight_bright_r05_s10005,7.776,0.252256,-0.439986,0.010014,1,99.000000,99.000000,0,0,0,0,single,0,0
lane_straight_bright_r05_s10005,7.808,0.255200,-0.439987,0.010013,1,99.000000,99.000000,0,0,0,0,single,0,0
lane_straight_bright_r05_s10005,7.840,0.258144,-0.439988,0.010012,1,99.000000,99.000000,0,0,0,0,single,0,0
lane_straight_bright_r05_s10005,7.872,0.261088,-0.439989,0.010011,1,99.000000,99.000000,0,0,0,0,single,0,0
lane_straight_bright_r05_s10005,7.904,0.264032,-0.439990,0.010010,1,99.000000,99.000000,0,0,0,0,single,0,0
lane_straight_bright_r05_s10005,7.936,0.266976,-0.439991,0.010009,1,99.000000,99.000000,0,0,0,0,single,0,0
lane_straight_bright_r05_s10005,7.968,0.269920,-0.439992,0.010008,1,99.000000,99.000000,0,0,0,0,single,0,0
lane_straight_bright_r05_s10005,8.000,0.272864,-0.439992,0.010008,1,99.000000,99.000000,0,0,0,0,single,0,0
lane_straight_bright_r05_s10005,8.032,0.275808,-0.439993,0.010007,1,99.000000,99.000000,0,0,0,0,single,0,0
lane_straight_bright_r05_s10005,8.064,0.278752,-0.439994,0.010006,1,99.000000,99.000000,0,0,0,0,single,0,0
lane_straight_bright_r05_s10005,8.096,0.281696,-0.439995,0.010005,1,99.000000,99.000000,0,0,0,0,single,0,0
lane_straight_bright_r05_s10005,8.128,0.284640,-0.439996,0.010004,1,99.000000,99.000000,0,0,0,0,single,0,0
lane_straight_bright_r05_s10005,8.160,0.287584,-0.439997,0.010003,1,99.000000,99.000000,0,0,0,0,single,0,0
lane_straight_bright_r05_s10005,8.192,0.290528,-0.439998,0.010002,1,99.000000,99.000000,0,0,0,0,single,0,0
lane_straight_bright_r05_s10005,8.224,0.293472,-0.439999,0.010001,1,99.000000,99.000000,0,0,0,0,single,0,0
lane_straight_bright_r05_s10005,8.256,0.296416,-0.440000,0.010000,1,99.000000,99.000000,0,0,0,0,single,0,0
lane_straight_bright_r05_s10005,8.288,0.299360,-0.440001,0.009999,1,99.000000,99.000000,0,0,0,0,single,0,0
lane_straight_bright_r05_s10005,8.320,0.302304,-0.440002,0.009998,1,99.000000,99.000000,0,0,0,0,single,0,0
lane_straight_bright_r05_s10005,8.352,0.305248,-0.440002,0.009998,1,99.000000,99.000000,0,0,0,0,single,0,0
lane_straight_bright_r05_s10005,8.384,0.308192,-0.440003,0.009997,1,99.000000,99.000000,0,0,0,0,single,0,0
lane_straight_bright_r05_s10005,8.416,0.311136,-0.440004,0.009996,1,99.000000,99.000000,0,0,0,0,single,0,0
lane_straight_bright_r05_s10005,8.448,0.314080,-0.440005,0.009995,1,99.000000,99.000000,0,0,0,0,single,0,0
lane_straight_bright_r05_s10005,8.480,0.317024,-0.440006,0.009994,1,99.000000,99.000000,0,0,0,0,single,0,0
lane_straight_bright_r05_s10005,8.512,0.319968,-0.440007,0.009993,1,99.000000,99.000000,0,0,0,0,single,0,0
lane_straight_bright_r05_s10005,8.544,0.322912,-0.440008,0.009992,1,99.000000,99.000000,0,0,0,0,single,0,0
lane_straight_bright_r05_s10005,8.576,0.325856,-0.440009,0.009991,1,99.000000,99.000000,0,0,0,0,single,0,0
lane_straight_bright_r05_s10005,8.608,0.328800,-0.440010,0.009990,1,99.000000,99.000000,0,0,0,0,single,0,0
lane_straight_bright_r05_s10005,8.640,0.331744,-0.440011,0.009989,1,99.000000,99.000000,0,0,0,0,single,0,0
lane_straight_bright_r05_s10005,8.672,0.334688,-0.440012,0.009988,1,99.000000,99.000000,0,0,0,0,single,0,0
lane_straight_bright_r05_s10005,8.704,0.337632,-0.440013,0.009987,1,99.000000,99.000000,0,0,0,0,single,0,0
lane_straight_bright_r05_s10005,8.736,0.340576,-0.440013,0.009987,1,99.000000,99.000000,0,0,0,0,single,0,0
lane_straight_bright_r05_s10005,8.768,0.343520,-0.440014,0.009986,1,99.000000,99.000000,0,0,0,0,single,0,0
lane_straight_bright_r05_s10005,8.800,0.346464,-0.440015,0.009985,1,99.000000,99.000000,0,0,0,0,single,0,0
lane_straight_bright_r05_s10005,8.832,0.349408,-0.440016,0.009984,1,99.000000,99.000000,0,0,0,0,single,0,0
lane_straight_bright_r05_s10005,8.864,0.352352,-0.440017,0.009983,1,99.000000,99.000000,0,0,0,0,single,0,0
lane_straight_bright_r05_s10005,8.896,0.355296,-0.440018,0.009982,1,99.000000,99.000000,0,0,0,0,single,0,0
lane_straight_bright_r05_s10005,8.928,0.358240,-0.440019,0.009981,1,99.000000,99.000000,0,0,0,0,single,0,0
lane_straight_bright_r05_s10005,8.960,0.361184,-0.440020,0.009980,1,99.000000,99.000000,0,0,0,0,single,0,0
lane_straight_bright_r05_s10005,8.992,0.364128,-0.440021,0.009979,1,99.000000,99.000000,0,0,0,0,single,0,0
lane_straight_bright_r05_s10005,9.024,0.367072,-0.440022,0.009978,1,99.000000,99.000000,0,0,0,0,single,0,0
lane_straight_bright_r05_s10005,9.056,0.370016,-0.440023,0.009977,1,99.000000,99.000000,0,0,0,0,single,0,0
lane_straight_bright_r05_s10005,9.088,0.372960,-0.440024,0.009976,1,99.000000,99.000000,0,0,0,0,single,0,0
lane_straight_bright_r05_s10005,9.120,0.375904,-0.440025,0.009975,1,99.000000,99.000000,0,0,0,0,single,0,0
lane_straight_bright_r05_s10005,9.152,0.378848,-0.440025,0.009975,1,99.000000,99.000000,0,0,0,0,single,0,0
lane_straight_bright_r05_s10005,9.184,0.381792,-0.440026,0.009974,1,99.000000,99.000000,0,0,0,0,single,0,0
lane_straight_bright_r05_s10005,9.216,0.384736,-0.440027,0.009973,1,99.000000,99.000000,0,0,0,0,single,0,0
lane_straight_bright_r05_s10005,9.248,0.387680,-0.440028,0.009972,1,99.000000,99.000000,0,0,0,0,single,0,0
lane_straight_bright_r05_s10005,9.280,0.390624,-0.440029,0.009971,1,99.000000,99.000000,0,0,0,0,single,0,0
lane_straight_bright_r05_s10005,9.312,0.393568,-0.440030,0.009970,1,99.000000,99.000000,0,0,0,0,single,0,0
lane_straight_bright_r05_s10005,9.344,0.396512,-0.440031,0.009969,1,99.000000,99.000000,0,0,0,0,single,0,0
lane_straight_bright_r05_s10005,9.376,0.399456,-0.440032,0.009968,1,99.000000,99.000000,0,0,0,0,single,0,0
lane_straight_bright_r05_s10005,9.408,0.402400,-0.440033,0.009967,1,99.000000,99.000000,0,0,0,0,single,0,0
lane_straight_bright_r05_s10005,9.440,0.405344,-0.440034,0.009966,1,99.000000,99.000000,0,0,0,0,single,0,0
lane_straight_bright_r05_s10005,9.472,0.408288,-0.440035,0.009965,1,99.000000,99.000000,0,0,0,0,single,0,0
lane_straight_bright_r05_s10005,9.504,0.411232,-0.440036,0.009964,1,99.000000,99.000000,0,0,0,0,single,0,0
lane_straight_bright_r05_s10005,9.536,0.414176,-0.440037,0.009963,1,99.000000,99.000000,0,0,0,0,single,0,0
lane_straight_bright_r05_s10005,9.568,0.417120,-0.440037,0.009963,1,99.000000,99.000000,0,0,0,0,single,0,0
lane_straight_bright_r05_s10005,9.600,0.420064,-0.440038,0.009962,1,99.000000,99.000000,0,0,0,0,single,0,0
lane_straight_bright_r05_s10005,9.632,0.423008,-0.440044,0.009956,1,99.000000,99.000000,0,0,0,1,single,0,0
