run_id,scenario_id,repetition,seed,controller_mode,configuration_id,route,lighting,static_position,moving_speed_mps,duration_s,completed,lane_following_success,within_lane_fraction,mean_lane_error_m,max_lane_error_m,collision_count,min_static_clearance_m,min_moving_clearance_m,checkpoints_passed,failure_reason,obstacle_layout,static_obstacle_count,moving_obstacle_count
phase2_smoke_r01_s0001,phase2_smoke,1,1,vision,,,nominal,center,0.150,8.000,0,0,1.000000,0.000013,0.000050,0,14.784501,14.784501,0,time_limit,,,
phase2_camera_r01_s0001,phase2_camera,1,1,vision,,,nominal,center,0.150,5.024,0,0,1.000000,0.000042,0.000074,0,14.781611,14.781611,0,time_limit,,,
phase2_camera_tilt_r01_s0001,phase2_camera_tilt,1,1,vision,,,nominal,center,0.150,5.024,0,0,1.000000,0.000042,0.000074,0,14.781611,14.781611,0,time_limit,,,
phase2_camera_tuned_r01_s0001,phase2_camera_tuned,1,1,vision,,,nominal,center,0.150,5.024,0,0,1.000000,0.000042,0.000074,0,14.781611,14.781611,0,time_limit,,,
phase2_lane_pilot_r01_s0001,phase2_lane_pilot,1,1,vision,,,nominal,center,0.150,30.016,0,0,0.828358,0.097334,0.269969,0,13.124169,13.124169,1,time_limit,,,
phase2_lane_full_r01_s0002,phase2_lane_full,1,2,vision,,,nominal,center,0.150,100.000,0,0,0.197120,0.250201,0.308139,0,13.330143,13.330143,0,time_limit,,,
phase2_wide_camera_r01_s0001,phase2_wide_camera,1,1,vision,,,nominal,center,0.150,1.024,0,0,1.000000,0.000025,0.000074,0,14.746409,14.746409,0,time_limit,,,
phase2_wide_pilot_r01_s0003,phase2_wide_pilot,1,3,vision,,,nominal,center,0.150,40.000,0,0,0.687200,0.155907,0.517316,0,13.640171,13.640171,0,time_limit,,,
phase2_curve_frame_r01_s0004,phase2_curve_frame,1,4,vision,,,nominal,center,0.150,25.024,0,0,1.000000,0.017186,0.081961,0,13.867521,13.867521,0,time_limit,,,
phase2_curve_tuned_r01_s0005,phase2_curve_tuned,1,5,vision,,,nominal,center,0.150,60.000,0,0,0.397867,0.355555,0.610761,0,13.988386,13.988386,0,time_limit,,,
phase2_deadband_r01_s0006,phase2_deadband,1,6,vision,,,nominal,center,0.150,60.000,0,0,0.481600,0.183943,0.463849,0,13.122463,13.122463,0,time_limit,,,
phase2_curve_view_r01_s0007,phase2_curve_view,1,7,vision,,,nominal,center,0.150,27.008,0,0,1.000000,0.006322,0.091197,0,13.758389,13.758389,0,time_limit,,,
phase2_narrow_lane_frame_r01_s0008,phase2_narrow_lane_frame,1,8,vision,,,nominal,center,0.150,1.024,0,0,1.000000,0.000000,0.000000,0,14.746357,14.746357,0,time_limit,,,
phase2_roi_frame_r01_s0009,phase2_roi_frame,1,9,vision,,,nominal,center,0.150,1.024,0,0,1.000000,0.001433,0.004079,0,14.718377,14.718377,0,time_limit,,,
phase2_lane_roi_full_r01_s0010,phase2_lane_roi_full,1,10,vision,,,nominal,center,0.150,54.528,1,1,1.000000,0.089819,0.126453,0,13.264269,13.264269,3,,,,
phase2_lane_clean_r01_s0011,phase2_lane_clean,1,11,vision,,,nominal,center,0.150,54.528,1,1,1.000000,0.071851,0.109165,0,13.263750,13.263750,3,,,,
phase2_lane_centered_r01_s0012,phase2_lane_centered,1,12,vision,,,nominal,center,0.150,54.368,1,1,1.000000,0.074565,0.115639,0,13.263834,13.263834,3,,,,
phase2_ultrawide_r01_s0013,phase2_ultrawide,1,13,vision,,,nominal,center,0.150,100.000,0,0,0.230400,0.280681,0.349077,0,12.888956,12.888956,1,time_limit,,,
phase2_static_r01_s0014,phase2_static,1,14,vision,,,nominal,center,0.150,100.000,0,0,0.092160,3.110513,7.340872,0,0.089173,14.453579,0,time_limit,,,
phase2_static_scurve_r01_s0015,phase2_static_scurve,1,15,vision,,,nominal,center,0.150,71.264,1,1,1.000000,0.093059,0.133751,1,0.077206,13.064858,3,,,,
phase2_static_clear_r01_s0016,phase2_static_clear,1,16,vision,,,nominal,center,0.150,71.456,1,1,1.000000,0.093808,0.145928,0,0.078388,13.064842,3,,,,
phase2_moving_r01_s0017,phase2_moving,1,17,vision,,,nominal,center,0.150,54.368,1,1,1.000000,0.074613,0.115625,0,13.263867,0.227068,3,,,,
phase2_moving_encounter_r01_s0018,phase2_moving_encounter,1,18,vision,,,nominal,center,0.150,56.160,1,1,1.000000,0.073192,0.135069,1,13.263867,0.073548,3,,,,
phase2_moving_early_r01_s0019,phase2_moving_early,1,19,vision,,,nominal,center,0.150,57.824,1,1,1.000000,0.058915,0.115625,0,13.263867,0.087381,3,,,,
phase2_moving_safe_r01_s0020,phase2_moving_safe,1,20,vision,,,nominal,center,0.150,100.000,0,0,0.398720,0.345774,0.555051,0,13.263867,0.107308,2,time_limit,,,
phase2_moving_clear_r01_s0021,phase2_moving_clear,1,21,vision,,,nominal,center,0.150,100.000,0,0,0.399040,1.031341,3.787963,0,9.543920,0.165623,2,time_limit,,,
phase2_moving_final_r01_s0022,phase2_moving_final,1,22,vision,,,nominal,center,0.150,57.344,1,1,1.000000,0.058130,0.115625,0,13.263867,0.122825,3,,,,
phase2_moving_confirmed_r01_s0023,phase2_moving_confirmed,1,23,vision,,,nominal,center,0.150,55.264,1,1,1.000000,0.074946,0.115625,0,13.263867,0.122825,3,,,,
phase2_nominal_combined_r01_s0024,phase2_nominal_combined,1,24,vision,,,nominal,center,0.150,70.784,1,1,1.000000,0.092936,0.122791,0,0.081010,0.209959,3,,,,
phase2_nominal_r01_s0001,phase2_nominal,1,1,vision,unfrozen,full,nominal,center,0.150,0.352,0,0,1.000000,0.000013,0.000032,0,0.550573,1.303216,0,,single,1,1
